,time,day,month,year,Reading,PRES(hPa),HGHT(m),TEMP(C),DWPT(C),RELH(%),MIXR(g/kg),DRCT(deg),SKNT(knot),THTA(K),THTE(K),THTV(K)
1,00Z,14,Feb,1986,1,1000.0,113.0,21.4,15.4,69.0,11.12,70.0,4.0,294.6,326.6,296.5
3,00Z,14,Feb,1986,3,850.0,1613.0,12.0,9.4,84.0,8.78,165.0,16.0,298.7,324.6,300.3
4,00Z,14,Feb,1986,4,700.0,3137.0,4.2,1.9,85.0,6.31,235.0,21.0,307.1,326.6,308.3
6,00Z,14,Feb,1986,6,500.0,5840.0,-13.0,,,,285.0,27.0,317.1,,317.1
8,00Z,1,Feb,1987,1,1000.0,151.0,20.6,14.6,68.0,10.55,20.0,15.0,293.8,324.1,295.6
9,00Z,1,Feb,1987,2,850.0,1558.0,11.4,5.4,67.0,6.66,340.0,7.0,298.1,317.9,299.3
10,00Z,1,Feb,1987,3,700.0,3189.0,2.4,,,,305.0,11.0,305.1,,305.1
11,00Z,1,Feb,1987,4,500.0,5908.0,-10.1,,,,265.0,47.0,320.7,,320.7
12,00Z,1,Feb,1987,5,400.0,7590.0,-22.1,,,,255.0,69.0,326.2,,326.2
13,00Z,1,Feb,1987,6,300.0,9700.0,-33.1,,,,310.0,80.0,338.6,,338.6
14,00Z,1,Feb,1987,7,250.0,10990.0,-40.7,,,,,,345.4,,345.4
16,00Z,5,Feb,1987,1,1000.0,137.0,10.0,9.2,95.0,7.35,360.0,8.0,283.1,303.6,284.4
18,00Z,5,Feb,1987,3,850.0,1515.0,8.4,,,,290.0,10.0,294.9,,294.9
20,00Z,5,Feb,1987,5,700.0,3166.0,-1.7,,,,260.0,16.0,300.6,,300.6
21,00Z,5,Feb,1987,6,500.0,5750.0,-20.5,,,,300.0,19.0,308.0,,308.0
22,00Z,5,Feb,1987,7,400.0,7420.0,-25.9,,,,,,321.2,,321.2
24,00Z,17,Feb,1987,1,1000.0,117.0,21.4,17.4,78.0,12.66,255.0,2.0,294.6,331.0,296.8
26,00Z,17,Feb,1987,3,850.0,1563.0,13.2,7.2,67.0,7.55,240.0,12.0,300.0,322.5,301.3
27,00Z,17,Feb,1987,4,700.0,3160.0,2.6,,,,245.0,8.0,305.3,,305.3
29,00Z,17,Feb,1987,6,500.0,5830.0,-14.5,,,,280.0,31.0,315.3,,315.3
30,00Z,17,Feb,1987,7,400.0,7520.0,-24.7,,,,245.0,54.0,322.8,,322.8
32,00Z,19,Feb,1987,1,1000.0,127.0,20.0,17.5,86.0,12.74,329.0,16.0,293.1,329.6,295.4
34,00Z,19,Feb,1987,3,850.0,1574.0,14.0,11.0,82.0,9.79,235.0,12.0,300.8,329.9,302.6
35,00Z,19,Feb,1987,4,700.0,3167.0,2.6,,,,260.0,18.0,305.3,,305.3
36,00Z,19,Feb,1987,5,500.0,5820.0,-12.5,,,,,,317.7,,317.7
38,00Z,22,Feb,1987,1,1000.0,131.0,22.4,16.4,69.0,11.87,285.0,6.0,295.6,329.9,297.7
40,00Z,22,Feb,1987,3,850.0,1549.0,14.4,8.4,67.0,8.2,290.0,20.0,301.2,325.8,302.7
41,00Z,22,Feb,1987,4,700.0,3193.0,3.2,,,,290.0,15.0,306.0,,306.0
42,00Z,22,Feb,1987,5,500.0,5900.0,-15.1,,,,270.0,31.0,314.6,,314.6
43,00Z,22,Feb,1987,6,400.0,7580.0,-25.3,,,,280.0,45.0,322.0,,322.0
44,00Z,22,Feb,1987,7,300.0,9670.0,-35.3,,,,220.0,,335.5,,335.5
47,00Z,23,Feb,1987,2,850.0,1541.0,13.0,11.0,88.0,9.79,315.0,11.0,299.8,328.7,301.5
48,00Z,23,Feb,1987,3,700.0,3174.0,2.4,,,,300.0,18.0,305.1,,305.1
49,00Z,23,Feb,1987,4,500.0,5890.0,-12.5,,,,300.0,30.0,317.7,,317.7
50,00Z,23,Feb,1987,5,400.0,7580.0,-24.3,,,,270.0,37.0,323.3,,323.3
52,00Z,23,Feb,1987,7,300.0,9690.0,-32.7,,,,,,339.2,,339.2
54,00Z,25,Feb,1987,1,1000.0,121.0,20.8,11.8,56.0,8.76,235.0,4.0,293.9,319.4,295.5
56,00Z,25,Feb,1987,3,850.0,1536.0,15.4,7.4,59.0,7.65,285.0,13.0,302.3,325.4,303.7
57,00Z,25,Feb,1987,4,700.0,3178.0,4.0,,,,280.0,17.0,306.9,,306.9
60,00Z,11,Feb,1990,1,1000.0,137.0,21.6,20.9,96.0,15.83,325.0,6.0,294.8,340.2,297.5
61,00Z,11,Feb,1990,2,850.0,1519.0,17.2,12.4,73.0,10.75,285.0,10.0,304.1,336.5,306.1
62,00Z,11,Feb,1990,3,700.0,3064.0,2.4,2.4,100.0,6.54,255.0,19.0,305.1,325.2,306.3
63,00Z,11,Feb,1990,4,500.0,5650.0,-14.7,-15.2,96.0,2.36,250.0,43.0,315.1,323.0,315.5
64,00Z,11,Feb,1990,5,400.0,7310.0,-21.3,-25.1,71.0,1.25,,,327.2,331.8,327.5
66,00Z,22,Feb,1990,1,1000.0,79.0,15.6,15.0,96.0,10.83,345.0,6.0,288.8,319.2,290.6
71,00Z,22,Feb,1990,6,850.0,1434.0,7.6,6.0,90.0,6.94,270.0,14.0,294.1,314.4,295.3
73,00Z,22,Feb,1990,8,700.0,2994.0,-3.9,-7.3,77.0,3.17,235.0,26.0,298.1,307.9,298.7
74,00Z,22,Feb,1990,9,500.0,5580.0,-17.5,,,,270.0,32.0,311.6,,311.6
76,00Z,22,Feb,1990,11,400.0,7220.0,-28.5,,,,280.0,41.0,317.9,,317.9
78,00Z,22,Feb,1990,13,300.0,9210.0,-52.5,,,,265.0,27.0,311.2,,311.2
80,00Z,4,Feb,1997,1,1000.0,80.0,16.0,14.8,93.0,10.69,40.0,2.0,289.1,319.3,291.0
81,00Z,4,Feb,1997,2,850.0,1454.0,10.4,7.7,83.0,7.81,215.0,5.0,297.0,320.1,298.4
82,00Z,4,Feb,1997,3,700.0,3041.0,-1.1,-2.2,92.0,4.67,275.0,30.0,301.2,315.6,302.1
83,00Z,4,Feb,1997,4,500.0,5670.0,-10.9,-31.9,16.0,0.53,270.0,52.0,319.7,321.7,319.8
84,00Z,4,Feb,1997,5,400.0,7380.0,-13.9,-34.9,15.0,0.5,280.0,90.0,336.8,338.8,336.9
85,00Z,4,Feb,1997,6,300.0,9490.0,-29.9,-47.9,16.0,0.17,270.0,110.0,343.1,343.8,343.2
86,00Z,4,Feb,1997,7,250.0,10700.0,-39.5,-56.5,15.0,0.07,270.0,117.0,347.2,347.5,347.2
88,00Z,4,Feb,1997,9,200.0,12170.0,-52.1,-66.1,17.0,0.03,275.0,107.0,350.1,350.2,350.1
92,00Z,6,Feb,1997,1,1000.0,93.0,17.4,16.1,92.0,11.64,300.0,3.0,290.6,323.5,292.6
94,00Z,6,Feb,1997,3,850.0,1466.0,3.6,-11.4,32.0,1.89,265.0,15.0,289.9,295.7,290.2
95,00Z,6,Feb,1997,4,700.0,3035.0,-4.3,-6.0,88.0,3.51,260.0,36.0,297.7,308.4,298.3
96,00Z,6,Feb,1997,5,500.0,5650.0,-7.1,-46.1,3.0,0.12,290.0,73.0,324.3,324.8,324.3
97,00Z,6,Feb,1997,6,400.0,7390.0,-11.5,-49.5,3.0,0.1,290.0,110.0,339.9,340.4,340.0
98,00Z,6,Feb,1997,7,300.0,9420.0,-28.7,-61.7,3.0,0.03,275.0,107.0,344.8,345.0,344.8
100,00Z,6,Feb,1997,9,250.0,10690.0,-39.7,-69.7,3.0,0.01,275.0,90.0,346.9,347.0,346.9
101,00Z,6,Feb,1997,10,200.0,12250.0,-53.3,-79.3,3.0,0.0,280.0,96.0,348.2,348.2,348.2
105,00Z,2,Feb,1998,1,1000.0,141.0,18.4,15.4,83.0,11.12,311.0,3.0,291.6,323.2,293.5
106,00Z,2,Feb,1998,2,850.0,1518.0,11.8,0.8,47.0,4.79,325.0,10.0,298.5,313.0,299.4
107,00Z,2,Feb,1998,3,700.0,3124.0,5.2,-18.8,16.0,1.24,290.0,7.0,308.2,312.4,308.4
108,00Z,2,Feb,1998,4,500.0,5790.0,-10.3,-23.3,34.0,1.18,,,320.4,324.6,320.6
109,00Z,2,Feb,1998,5,400.0,7460.0,-22.7,-36.7,27.0,0.41,,,325.4,327.0,325.5
110,00Z,2,Feb,1998,6,300.0,9470.0,-40.3,-49.3,37.0,0.14,,,328.4,329.0,328.5
111,00Z,2,Feb,1998,7,250.0,10720.0,-47.9,-56.9,35.0,0.07,,,334.7,335.0,334.7
112,00Z,2,Feb,1998,8,200.0,12190.0,-52.1,-70.1,10.0,0.02,,,350.1,350.2,350.1
115,00Z,9,Feb,1998,1,1000.0,150.0,18.4,9.4,56.0,7.45,318.0,5.0,291.6,313.1,292.9
117,00Z,9,Feb,1998,3,850.0,1520.0,10.0,-16.0,14.0,1.3,345.0,11.0,296.6,300.8,296.8
118,00Z,9,Feb,1998,4,700.0,3105.0,1.4,-37.6,4.0,0.22,315.0,13.0,304.0,304.8,304.0
119,00Z,9,Feb,1998,5,500.0,5720.0,-17.9,-30.9,31.0,0.58,,,311.1,313.2,311.3
120,00Z,9,Feb,1998,6,400.0,7350.0,-30.1,-39.1,41.0,0.32,,,315.8,317.0,315.9
121,00Z,9,Feb,1998,7,300.0,9340.0,-43.9,-60.9,13.0,0.04,,,323.4,323.5,323.4
122,00Z,9,Feb,1998,8,250.0,10540.0,-50.7,-69.7,9.0,0.01,,,330.6,330.6,330.6
124,00Z,9,Feb,1998,10,200.0,11980.0,-53.9,-74.9,6.0,0.01,,,347.2,347.3,347.2
129,00Z,16,Feb,1998,1,1000.0,96.0,21.6,17.5,77.0,12.74,355.0,1.0,294.8,331.4,297.0
131,00Z,16,Feb,1998,3,850.0,1494.0,14.2,1.2,41.0,4.93,260.0,19.0,301.0,316.1,301.9
132,00Z,16,Feb,1998,4,700.0,3099.0,2.4,1.9,97.0,6.31,305.0,19.0,305.1,324.5,306.3
133,00Z,16,Feb,1998,5,500.0,5750.0,-8.3,-28.3,18.0,0.75,,,322.9,325.6,323.0
134,00Z,16,Feb,1998,6,400.0,7430.0,-19.1,-36.1,21.0,0.44,,,330.1,331.8,330.2
135,00Z,16,Feb,1998,7,250.0,10750.0,-40.5,-54.5,21.0,0.09,,,345.7,346.1,345.7
136,00Z,16,Feb,1998,8,200.0,12200.0,-53.1,-64.1,25.0,0.03,,,348.5,348.7,348.5
141,00Z,23,Feb,1998,1,1000.0,120.0,19.4,13.4,68.0,9.75,357.0,0.0,292.6,320.5,294.3
143,00Z,23,Feb,1998,3,850.0,1498.0,12.4,11.7,95.0,10.26,315.0,6.0,299.1,329.4,301.0
144,00Z,23,Feb,1998,4,700.0,3099.0,2.0,1.8,99.0,6.27,230.0,15.0,304.7,323.9,305.8
145,00Z,23,Feb,1998,5,500.0,5760.0,-10.5,-29.5,19.0,0.67,,,320.2,322.6,320.3
146,00Z,23,Feb,1998,6,400.0,7440.0,-22.7,-31.7,44.0,0.68,,,325.4,327.9,325.5
147,00Z,23,Feb,1998,7,300.0,9510.0,-33.3,-65.3,3.0,0.02,,,338.3,338.4,338.3
148,00Z,23,Feb,1998,8,250.0,10740.0,-42.3,-71.3,3.0,0.01,,,343.0,343.1,343.0
149,00Z,23,Feb,1998,9,200.0,12220.0,-54.7,-79.7,3.0,0.0,,,346.0,346.0,346.0
151,00Z,20,Feb,2008,1,1000.0,81.0,15.2,15.2,100.0,10.97,90.0,5.0,288.4,319.1,290.2
162,00Z,20,Feb,2008,12,850.0,1451.0,12.4,7.7,73.0,7.81,110.0,10.0,299.1,322.4,300.5
171,00Z,20,Feb,2008,21,700.0,3040.0,-0.5,-7.5,59.0,3.12,270.0,20.0,301.9,311.7,302.5
180,00Z,20,Feb,2008,30,500.0,5630.0,-18.5,-51.5,4.0,0.07,265.0,44.0,310.4,310.7,310.4
185,00Z,20,Feb,2008,35,400.0,7270.0,-14.7,-55.7,2.0,0.05,245.0,47.0,335.8,336.0,335.8
194,00Z,20,Feb,2008,44,300.0,9320.0,-30.5,-69.5,1.0,0.01,240.0,71.0,342.3,342.3,342.3
200,00Z,20,Feb,2008,50,250.0,10610.0,-33.9,-71.9,1.0,0.01,255.0,68.0,355.5,355.6,355.5
203,00Z,20,Feb,2008,53,200.0,12150.0,-42.9,-77.9,1.0,0.0,275.0,61.0,364.7,364.7,364.7
244,00Z,28,Feb,2008,2,1000.0,82.0,15.8,7.8,59.0,6.68,340.0,12.0,288.9,308.1,290.1
252,00Z,28,Feb,2008,10,850.0,1460.0,12.4,-8.6,22.0,2.36,265.0,18.0,299.1,306.6,299.6
259,00Z,28,Feb,2008,17,700.0,3048.0,2.6,-18.4,20.0,1.29,280.0,36.0,305.3,309.6,305.6
270,00Z,28,Feb,2008,28,500.0,5700.0,-12.7,-42.7,6.0,0.18,275.0,58.0,317.5,318.2,317.5
275,00Z,28,Feb,2008,33,400.0,7370.0,-23.5,-57.5,3.0,0.04,275.0,81.0,324.4,324.5,324.4
281,00Z,28,Feb,2008,39,300.0,9430.0,-29.7,-66.7,1.0,0.02,265.0,107.0,343.4,343.5,343.4
285,00Z,28,Feb,2008,43,250.0,10710.0,-39.1,-73.1,2.0,0.01,255.0,107.0,347.8,347.8,347.8
286,00Z,28,Feb,2008,44,200.0,12200.0,-52.1,-80.1,2.0,0.0,250.0,107.0,350.1,350.1,350.1
312,00Z,13,Feb,2009,2,1000.0,95.0,17.4,16.0,91.0,11.56,305.0,12.0,290.6,323.3,292.6
327,00Z,13,Feb,2009,17,850.0,1469.0,12.4,-3.6,33.0,3.46,255.0,17.0,299.1,309.8,299.8
341,00Z,13,Feb,2009,31,700.0,3076.0,8.8,-23.2,8.0,0.85,285.0,34.0,312.2,315.2,312.4
349,00Z,13,Feb,2009,39,500.0,5780.0,-9.1,-30.1,16.0,0.63,270.0,31.0,321.9,324.2,322.0
351,00Z,13,Feb,2009,41,400.0,7460.0,-22.5,-40.5,18.0,0.28,295.0,46.0,325.7,326.8,325.7
354,00Z,13,Feb,2009,44,300.0,9510.0,-37.3,-54.3,15.0,0.08,285.0,71.0,332.7,333.0,332.7
358,00Z,13,Feb,2009,48,250.0,10760.0,-41.9,-62.9,8.0,0.03,255.0,94.0,343.6,343.8,343.6
362,00Z,13,Feb,2009,52,200.0,12240.0,-51.5,-74.5,5.0,0.01,250.0,102.0,351.1,351.1,351.1
400,00Z,18,Feb,2009,1,1000.0,102.0,18.4,12.4,68.0,9.12,315.0,20.0,291.6,317.7,293.1
419,00Z,18,Feb,2009,20,850.0,1489.0,15.8,-11.2,15.0,1.92,275.0,5.0,302.7,308.9,303.0
430,00Z,18,Feb,2009,31,700.0,3116.0,8.4,-8.6,29.0,2.87,295.0,23.0,311.8,321.2,312.3
443,00Z,18,Feb,2009,44,500.0,5800.0,-8.1,-35.1,9.0,0.39,265.0,39.0,323.1,324.6,323.2
446,00Z,18,Feb,2009,47,400.0,7490.0,-22.1,-44.1,12.0,0.19,250.0,51.0,326.2,326.9,326.2
456,00Z,18,Feb,2009,57,300.0,9560.0,-32.3,-59.3,5.0,0.04,245.0,91.0,339.7,339.9,339.7
457,00Z,18,Feb,2009,58,250.0,10820.0,-42.7,-62.7,9.0,0.03,235.0,97.0,342.4,342.6,342.4
460,00Z,18,Feb,2009,61,200.0,12280.0,-54.7,-72.7,9.0,0.01,240.0,85.0,346.0,346.0,346.0
494,00Z,25,Feb,2009,1,1000.0,50.0,20.4,20.4,100.0,15.33,190.0,17.0,293.6,337.4,296.2
496,00Z,25,Feb,2009,3,850.0,1452.0,16.2,6.2,52.0,7.04,280.0,24.0,303.1,324.5,304.4
497,00Z,25,Feb,2009,4,700.0,3068.0,5.2,-5.8,45.0,3.56,280.0,45.0,308.2,319.6,308.9
498,00Z,25,Feb,2009,5,500.0,5730.0,-9.9,-29.9,18.0,0.64,285.0,73.0,320.9,323.3,321.0
499,00Z,25,Feb,2009,6,400.0,7410.0,-21.9,-38.9,20.0,0.33,275.0,82.0,326.4,327.7,326.5
500,00Z,25,Feb,2009,7,300.0,9460.0,-38.1,-51.1,24.0,0.12,290.0,99.0,331.6,332.0,331.6
502,00Z,25,Feb,2009,9,250.0,10680.0,-49.1,-60.1,27.0,0.05,285.0,98.0,332.9,333.1,332.9
504,00Z,25,Feb,2009,11,200.0,12140.0,-51.3,-65.3,17.0,0.03,290.0,89.0,351.4,351.5,351.4
509,00Z,1,Feb,2010,2,1000.0,139.0,17.2,10.2,63.0,7.87,315.0,9.0,290.4,312.9,291.7
523,00Z,1,Feb,2010,16,850.0,1512.0,9.4,2.4,62.0,5.38,315.0,12.0,296.0,312.0,296.9
535,00Z,1,Feb,2010,28,700.0,3108.0,3.8,-28.2,8.0,0.54,270.0,20.0,306.7,308.6,306.8
544,00Z,1,Feb,2010,37,500.0,5750.0,-12.1,-38.1,10.0,0.29,260.0,49.0,318.2,319.3,318.3
550,00Z,1,Feb,2010,43,400.0,7410.0,-25.5,-42.5,19.0,0.23,265.0,64.0,321.8,322.7,321.8
556,00Z,1,Feb,2010,49,300.0,9460.0,-34.9,-57.9,8.0,0.05,250.0,107.0,336.1,336.3,336.1
559,00Z,1,Feb,2010,52,250.0,10720.0,-42.7,-62.7,9.0,0.03,250.0,135.0,342.4,342.6,342.4
563,00Z,1,Feb,2010,56,200.0,12180.0,-55.1,-70.1,14.0,0.02,255.0,127.0,345.4,345.4,345.4
603,00Z,8,Feb,2010,1,1000.0,150.0,18.8,15.0,79.0,10.83,15.0,8.0,291.9,322.9,293.9
605,00Z,8,Feb,2010,3,850.0,1527.0,10.8,4.8,66.0,6.38,35.0,6.0,297.4,316.4,298.6
606,00Z,8,Feb,2010,4,700.0,3126.0,8.6,-5.4,37.0,3.67,310.0,25.0,312.0,323.9,312.7
607,00Z,8,Feb,2010,5,500.0,5810.0,-9.7,-30.7,16.0,0.6,280.0,38.0,321.1,323.4,321.3
608,00Z,8,Feb,2010,6,400.0,7490.0,-23.7,-45.7,11.0,0.16,300.0,29.0,324.1,324.8,324.1
609,00Z,8,Feb,2010,7,300.0,9510.0,-41.7,-57.7,16.0,0.05,305.0,53.0,326.5,326.7,326.5
610,00Z,8,Feb,2010,8,250.0,10720.0,-51.7,-65.7,17.0,0.02,310.0,63.0,329.1,329.2,329.1
612,00Z,8,Feb,2010,10,200.0,12130.0,-59.9,-73.9,14.0,0.01,310.0,65.0,337.8,337.8,337.8
618,00Z,15,Feb,2010,1,1000.0,113.0,18.2,17.4,95.0,12.66,245.0,3.0,291.4,327.2,293.6
620,00Z,15,Feb,2010,3,850.0,1490.0,14.4,7.4,63.0,7.65,260.0,29.0,301.2,324.2,302.6
621,00Z,15,Feb,2010,4,700.0,3095.0,4.2,-5.8,48.0,3.56,275.0,38.0,307.1,318.4,307.8
622,00Z,15,Feb,2010,5,500.0,5760.0,-11.5,-34.5,13.0,0.41,275.0,50.0,318.9,320.5,319.0
623,00Z,15,Feb,2010,6,400.0,7420.0,-24.1,-45.1,13.0,0.17,265.0,64.0,323.6,324.3,323.6
624,00Z,15,Feb,2010,7,300.0,9470.0,-36.9,-47.9,31.0,0.17,270.0,111.0,333.2,333.9,333.3
625,00Z,15,Feb,2010,8,250.0,10720.0,-42.9,-55.9,23.0,0.08,260.0,37.0,342.1,342.5,342.2
627,00Z,15,Feb,2010,10,200.0,12190.0,-51.7,-65.7,17.0,0.03,260.0,127.0,350.7,350.9,350.7
631,00Z,22,Feb,2010,1,1000.0,127.0,18.8,15.0,79.0,10.83,350.0,7.0,291.9,322.9,293.9
633,00Z,22,Feb,2010,3,850.0,1507.0,12.6,-1.4,38.0,4.08,270.0,11.0,299.3,311.8,300.1
634,00Z,22,Feb,2010,4,700.0,3109.0,7.0,-9.0,31.0,2.78,305.0,35.0,310.2,319.3,310.7
635,00Z,22,Feb,2010,5,500.0,5800.0,-8.3,-38.3,7.0,0.28,285.0,34.0,322.9,324.0,322.9
636,00Z,22,Feb,2010,6,400.0,7490.0,-19.7,-44.7,9.0,0.18,275.0,48.0,329.3,330.0,329.3
637,00Z,22,Feb,2010,7,300.0,9570.0,-34.1,-41.1,49.0,0.35,275.0,91.0,337.2,338.6,337.3
639,00Z,22,Feb,2010,9,250.0,10820.0,-42.1,-49.1,46.0,0.18,265.0,102.0,343.3,344.1,343.4
640,00Z,22,Feb,2010,10,200.0,12290.0,-55.3,-64.3,32.0,0.03,265.0,98.0,345.0,345.2,345.0
645,00Z,7,Feb,2011,1,1000.0,109.0,18.0,16.7,92.0,12.1,145.0,5.0,291.1,325.5,293.3
647,00Z,7,Feb,2011,3,850.0,1492.0,12.0,9.5,85.0,8.84,305.0,14.0,298.7,324.8,300.3
648,00Z,7,Feb,2011,4,700.0,3102.0,7.8,-10.2,27.0,2.53,305.0,45.0,311.1,319.4,311.6
649,00Z,7,Feb,2011,5,500.0,5790.0,-11.7,-24.7,33.0,1.04,300.0,33.0,318.7,322.4,318.9
650,00Z,7,Feb,2011,6,400.0,7460.0,-24.1,-39.1,24.0,0.32,325.0,41.0,323.6,324.8,323.6
651,00Z,7,Feb,2011,7,300.0,9540.0,-29.1,-51.1,10.0,0.12,265.0,86.0,344.2,344.8,344.3
653,00Z,7,Feb,2011,9,250.0,10820.0,-38.9,-59.9,9.0,0.05,265.0,88.0,348.1,348.3,348.1
654,00Z,7,Feb,2011,10,200.0,12310.0,-49.9,-68.9,9.0,0.02,260.0,86.0,353.6,353.7,353.6
659,00Z,11,Feb,2013,2,1000.0,119.0,16.8,13.7,82.0,9.94,310.0,20.0,289.9,318.1,291.7
674,00Z,11,Feb,2013,17,850.0,1502.0,13.6,-0.4,38.0,4.39,335.0,11.0,300.4,313.9,301.2
693,00Z,11,Feb,2013,36,700.0,3124.0,9.0,-13.0,20.0,2.02,280.0,24.0,312.4,319.2,312.8
699,00Z,11,Feb,2013,42,500.0,5790.0,-13.5,-26.5,33.0,0.88,280.0,34.0,316.5,319.7,316.7
708,00Z,11,Feb,2013,51,400.0,7460.0,-21.1,-45.1,10.0,0.17,265.0,57.0,327.5,328.2,327.5
717,00Z,11,Feb,2013,60,300.0,9530.0,-31.3,-53.3,10.0,0.09,270.0,102.0,341.1,341.5,341.2
720,00Z,11,Feb,2013,63,250.0,10800.0,-41.9,-59.9,12.0,0.05,255.0,99.0,343.6,343.9,343.6
723,00Z,11,Feb,2013,66,200.0,12270.0,-53.1,-68.1,14.0,0.02,260.0,107.0,348.5,348.6,348.5
765,00Z,25,Feb,2013,1,1000.0,116.0,19.0,16.5,85.0,11.94,310.0,18.0,292.1,326.2,294.2
780,00Z,25,Feb,2013,16,850.0,1518.0,17.2,5.2,45.0,6.56,310.0,14.0,304.1,324.2,305.4
788,00Z,25,Feb,2013,24,700.0,3129.0,2.8,-1.8,72.0,4.81,270.0,16.0,305.6,320.6,306.4
801,00Z,25,Feb,2013,37,500.0,5770.0,-10.7,-36.7,10.0,0.33,275.0,42.0,319.9,321.2,320.0
807,00Z,25,Feb,2013,43,400.0,7460.0,-18.7,-44.7,8.0,0.18,265.0,46.0,330.6,331.3,330.6
812,00Z,25,Feb,2013,48,300.0,9560.0,-29.5,-55.5,6.0,0.07,255.0,76.0,343.7,344.0,343.7
815,00Z,25,Feb,2013,51,250.0,10840.0,-37.9,-61.9,6.0,0.04,255.0,79.0,349.6,349.8,349.6
817,00Z,25,Feb,2013,53,200.0,12340.0,-48.7,-69.7,7.0,0.02,255.0,81.0,355.5,355.6,355.5
860,00Z,2,Feb,2015,1,1000.0,128.0,13.8,12.3,91.0,9.06,350.0,16.0,286.9,312.4,288.5
862,00Z,2,Feb,2015,3,850.0,1496.0,10.4,1.4,54.0,5.01,115.0,5.0,297.0,312.1,297.9
863,00Z,2,Feb,2015,4,700.0,3091.0,3.8,-15.2,24.0,1.68,305.0,30.0,306.7,312.2,307.0
864,00Z,2,Feb,2015,5,500.0,5740.0,-13.9,-25.9,36.0,0.93,275.0,29.0,316.0,319.3,316.2
865,00Z,2,Feb,2015,6,400.0,7400.0,-22.5,-47.5,8.0,0.13,275.0,77.0,325.7,326.2,325.7
866,00Z,2,Feb,2015,7,300.0,9460.0,-33.3,-50.3,17.0,0.13,275.0,106.0,338.3,338.9,338.4
867,00Z,2,Feb,2015,8,250.0,10720.0,-42.5,-57.5,18.0,0.06,265.0,107.0,342.7,343.0,342.8
869,00Z,2,Feb,2015,10,200.0,12190.0,-53.5,-63.5,28.0,0.04,260.0,107.0,347.9,348.1,347.9
873,00Z,10,Feb,2015,1,1000.0,162.0,18.4,16.4,88.0,11.87,320.0,11.0,291.6,325.3,293.6
878,00Z,10,Feb,2015,6,850.0,1540.0,11.8,8.3,79.0,8.14,280.0,21.0,298.5,322.6,300.0
888,00Z,10,Feb,2015,16,700.0,3133.0,3.0,-4.0,60.0,4.08,260.0,31.0,305.8,318.6,306.5
900,00Z,10,Feb,2015,28,500.0,5780.0,-11.3,-32.3,16.0,0.51,275.0,58.0,319.2,321.1,319.3
902,00Z,10,Feb,2015,30,400.0,7450.0,-24.7,-42.7,17.0,0.22,260.0,70.0,322.8,323.7,322.9
910,00Z,10,Feb,2015,38,300.0,9500.0,-34.7,-38.9,66.0,0.44,250.0,110.0,336.4,338.1,336.4
913,00Z,10,Feb,2015,41,250.0,10750.0,-44.9,-46.8,81.0,0.23,245.0,118.0,339.2,340.1,339.2
918,00Z,10,Feb,2015,46,200.0,12200.0,-56.3,-59.8,65.0,0.06,240.0,120.0,343.4,343.7,343.5
931,00Z,12,Feb,2015,1,1000.0,112.0,14.4,10.0,75.0,7.76,290.0,11.0,287.6,309.5,288.9
933,00Z,12,Feb,2015,3,850.0,1482.0,13.2,-16.8,11.0,1.21,270.0,9.0,300.0,304.0,300.2
934,00Z,12,Feb,2015,4,700.0,3086.0,3.8,-32.2,5.0,0.37,295.0,27.0,306.7,308.0,306.7
935,00Z,12,Feb,2015,5,500.0,5720.0,-15.7,-26.7,38.0,0.87,250.0,25.0,313.8,316.9,314.0
936,00Z,12,Feb,2015,6,400.0,7370.0,-27.3,-41.3,25.0,0.26,250.0,51.0,319.4,320.4,319.5
937,00Z,12,Feb,2015,7,300.0,9380.0,-37.5,-58.5,9.0,0.05,245.0,106.0,332.4,332.6,332.4
938,00Z,12,Feb,2015,8,250.0,10620.0,-44.5,-63.5,10.0,0.03,240.0,133.0,339.8,339.9,339.8
939,00Z,12,Feb,2015,9,200.0,12090.0,-52.7,-69.7,11.0,0.02,240.0,138.0,349.1,349.2,349.2
944,00Z,16,Feb,2015,1,1000.0,106.0,17.0,15.6,91.0,11.26,75.0,10.0,290.1,322.0,292.1
946,00Z,16,Feb,2015,3,850.0,1486.0,12.2,7.9,75.0,7.92,350.0,4.0,298.9,322.4,300.3
947,00Z,16,Feb,2015,4,700.0,3079.0,1.4,-4.6,64.0,3.9,325.0,19.0,304.0,316.2,304.7
948,00Z,16,Feb,2015,5,500.0,5710.0,-14.7,-25.7,39.0,0.95,305.0,22.0,315.1,318.4,315.2
949,00Z,16,Feb,2015,6,400.0,7350.0,-28.1,-42.1,25.0,0.24,310.0,30.0,318.4,319.3,318.4
950,00Z,16,Feb,2015,7,300.0,9360.0,-42.1,-58.1,16.0,0.05,325.0,74.0,325.9,326.1,325.9
952,00Z,16,Feb,2015,9,250.0,10570.0,-49.9,-63.9,18.0,0.03,295.0,80.0,331.8,331.9,331.8
954,00Z,16,Feb,2015,11,200.0,12060.0,-45.5,-70.5,4.0,0.01,280.0,96.0,360.6,360.6,360.6
958,00Z,18,Feb,2015,1,1000.0,304.0,21.2,14.2,64.0,10.28,120.0,6.0,294.4,324.0,296.2
960,00Z,18,Feb,2015,3,850.0,1471.0,12.4,12.4,100.0,10.75,170.0,14.0,299.1,330.8,301.1
961,00Z,18,Feb,2015,4,700.0,3064.0,1.6,1.6,100.0,6.18,300.0,11.0,304.2,323.1,305.4
962,00Z,18,Feb,2015,5,500.0,5650.0,-13.9,-13.9,100.0,2.63,275.0,24.0,316.0,324.8,316.5
963,00Z,18,Feb,2015,6,400.0,7210.0,-24.5,-25.0,96.0,1.26,270.0,39.0,323.1,327.6,323.3
964,00Z,18,Feb,2015,7,300.0,9240.0,-40.7,-42.0,87.0,0.32,280.0,43.0,327.9,329.1,327.9
966,00Z,18,Feb,2015,9,250.0,10460.0,-47.7,-49.5,82.0,0.17,270.0,77.0,335.0,335.7,335.1
967,00Z,18,Feb,2015,10,200.0,11950.0,-45.9,-49.7,65.0,0.2,255.0,97.0,359.9,360.9,360.0
973,00Z,20,Feb,2015,1,1000.0,101.0,19.0,19.0,100.0,14.03,125.0,11.0,292.1,332.0,294.6
975,00Z,20,Feb,2015,3,850.0,1481.0,12.6,12.6,100.0,10.9,270.0,11.0,299.3,331.4,301.3
976,00Z,20,Feb,2015,4,700.0,3078.0,3.6,-6.4,48.0,3.4,300.0,36.0,306.4,317.3,307.1
977,00Z,20,Feb,2015,5,500.0,5730.0,-12.9,-29.9,23.0,0.64,300.0,24.0,317.2,319.6,317.4
978,00Z,20,Feb,2015,6,400.0,7380.0,-27.7,-42.7,23.0,0.22,320.0,29.0,318.9,319.8,318.9
980,00Z,20,Feb,2015,8,300.0,9410.0,-33.5,-50.5,16.0,0.12,260.0,88.0,338.0,338.6,338.1
981,00Z,20,Feb,2015,9,250.0,10680.0,-39.9,-57.9,13.0,0.06,265.0,112.0,346.6,346.9,346.6
983,00Z,20,Feb,2015,11,200.0,12170.0,-50.7,-66.7,13.0,0.02,265.0,107.0,352.3,352.4,352.3
987,00Z,2,Jan,2018,1,1000.0,89.0,13.4,11.1,86.0,8.36,340.0,10.0,286.6,310.0,288.0
989,00Z,2,Jan,2018,3,850.0,1468.0,13.2,-16.8,11.0,1.21,115.0,2.0,300.0,304.0,300.2
990,00Z,2,Jan,2018,4,700.0,3068.0,2.4,-10.6,38.0,2.45,205.0,16.0,305.1,313.0,305.6
991,00Z,2,Jan,2018,5,500.0,5710.0,-14.7,-31.7,22.0,0.54,245.0,54.0,315.1,317.0,315.2
992,00Z,2,Jan,2018,6,400.0,7370.0,-24.7,-41.7,19.0,0.25,230.0,78.0,322.8,323.8,322.9
993,00Z,2,Jan,2018,7,300.0,9410.0,-36.7,-54.7,14.0,0.08,215.0,115.0,333.5,333.9,333.5
994,00Z,2,Jan,2018,8,250.0,10650.0,-46.7,-53.7,45.0,0.1,220.0,125.0,336.5,336.9,336.5
995,00Z,2,Jan,2018,9,200.0,12100.0,-55.7,-65.7,28.0,0.03,215.0,143.0,344.4,344.5,344.4
1001,00Z,3,Jan,2018,1,1000.0,96.0,10.2,7.3,82.0,6.45,320.0,15.0,283.4,301.4,284.4
1003,00Z,3,Jan,2018,3,850.0,1465.0,8.6,2.6,66.0,5.46,320.0,14.0,295.1,311.3,296.1
1004,00Z,3,Jan,2018,4,700.0,3047.0,0.4,-32.6,6.0,0.36,255.0,12.0,302.9,304.2,303.0
1005,00Z,3,Jan,2018,5,500.0,5650.0,-19.1,-47.1,7.0,0.11,255.0,29.0,309.7,310.1,309.7
1006,00Z,3,Jan,2018,6,400.0,7290.0,-26.5,-64.5,1.0,0.02,265.0,42.0,320.5,320.5,320.5
1007,00Z,3,Jan,2018,7,300.0,9320.0,-37.5,-75.5,1.0,0.0,285.0,61.0,332.4,332.4,332.4
1008,00Z,3,Jan,2018,8,250.0,10560.0,-43.1,-79.1,1.0,0.0,280.0,46.0,341.9,341.9,341.9
1009,00Z,3,Jan,2018,9,200.0,12040.0,-51.9,-84.9,1.0,0.0,270.0,66.0,350.4,350.4,350.4
1014,00Z,4,Jan,2018,1,1000.0,125.0,8.6,6.9,89.0,6.28,355.0,4.0,281.8,299.2,282.8
1019,00Z,4,Jan,2018,6,850.0,1481.0,10.8,-17.2,12.0,1.17,35.0,14.0,297.4,301.3,297.7
1021,00Z,4,Jan,2018,8,700.0,3077.0,4.4,-31.6,5.0,0.39,305.0,19.0,307.3,308.7,307.4
1022,00Z,4,Jan,2018,9,500.0,5730.0,-10.9,-47.9,3.0,0.1,290.0,54.0,319.7,320.1,319.7
1023,00Z,4,Jan,2018,10,400.0,7420.0,-17.1,-61.1,1.0,0.03,280.0,68.0,332.7,332.8,332.7
1024,00Z,4,Jan,2018,11,300.0,9510.0,-33.9,-60.9,5.0,0.04,265.0,78.0,337.5,337.6,337.5
1025,00Z,4,Jan,2018,12,250.0,10760.0,-42.5,-70.5,3.0,0.01,270.0,91.0,342.7,342.8,342.8
1027,00Z,4,Jan,2018,14,200.0,12230.0,-53.7,-73.7,7.0,0.01,280.0,94.0,347.6,347.6,347.6
1031,00Z,5,Jan,2018,1,1000.0,124.0,8.6,6.8,88.0,6.23,345.0,9.0,281.8,299.1,282.8
1033,00Z,5,Jan,2018,3,850.0,1492.0,10.4,-5.6,32.0,2.98,70.0,5.0,297.0,306.2,297.6
1034,00Z,5,Jan,2018,4,700.0,3086.0,5.6,-39.4,2.0,0.18,280.0,27.0,308.6,309.3,308.7
1035,00Z,5,Jan,2018,5,500.0,5730.0,-14.3,-40.3,9.0,0.23,265.0,58.0,315.5,316.4,315.6
1036,00Z,5,Jan,2018,6,400.0,7390.0,-23.3,-65.3,1.0,0.01,250.0,65.0,324.6,324.7,324.6
1037,00Z,5,Jan,2018,7,300.0,9460.0,-32.9,-71.9,1.0,0.01,250.0,110.0,338.9,338.9,338.9
1038,00Z,5,Jan,2018,8,250.0,10730.0,-38.7,-75.7,1.0,0.01,250.0,117.0,348.4,348.4,348.4
1040,00Z,5,Jan,2018,10,200.0,12220.0,-51.1,-85.1,1.0,0.0,250.0,113.0,351.7,351.7,351.7
1044,00Z,11,Jan,2018,1,1000.0,132.0,7.6,6.5,93.0,6.1,305.0,3.0,280.8,297.7,281.8
1046,00Z,11,Jan,2018,3,850.0,1484.0,8.6,-11.4,23.0,1.89,75.0,4.0,295.1,301.1,295.5
1047,00Z,11,Jan,2018,4,700.0,3100.0,13.2,,,,285.0,51.0,317.1,,317.1
1048,00Z,11,Jan,2018,5,500.0,5850.0,-3.3,,,,300.0,49.0,328.9,,328.9
1049,00Z,11,Jan,2018,6,400.0,7580.0,-16.3,,,,310.0,47.0,333.7,,333.7
1050,00Z,11,Jan,2018,7,300.0,9680.0,-31.3,,,,280.0,43.0,341.1,,341.1
1051,00Z,11,Jan,2018,8,250.0,10940.0,-41.9,,,,285.0,30.0,343.6,,343.6
1052,00Z,11,Jan,2018,9,200.0,12410.0,-53.9,,,,285.0,35.0,347.2,,347.2
1056,00Z,12,Jan,2018,1,1000.0,119.0,10.8,6.8,76.0,6.23,0.0,6.0,283.9,301.5,285.0
1061,00Z,12,Jan,2018,6,850.0,1481.0,8.8,3.8,71.0,5.95,100.0,9.0,295.4,312.9,296.4
1063,00Z,12,Jan,2018,8,700.0,3085.0,12.8,-19.2,9.0,1.2,300.0,57.0,316.6,320.9,316.9
1064,00Z,12,Jan,2018,9,500.0,5840.0,-2.7,-35.7,6.0,0.37,290.0,37.0,329.7,331.1,329.8
1065,00Z,12,Jan,2018,10,400.0,7570.0,-14.9,-46.9,5.0,0.14,290.0,36.0,335.5,336.1,335.6
1066,00Z,12,Jan,2018,11,300.0,9670.0,-31.9,-56.9,7.0,0.06,280.0,32.0,340.3,340.6,340.3
1067,00Z,12,Jan,2018,12,250.0,10930.0,-42.9,-60.9,12.0,0.04,285.0,43.0,342.1,342.3,342.2
1068,00Z,12,Jan,2018,13,200.0,12390.0,-55.3,-67.3,21.0,0.02,280.0,37.0,345.0,345.1,345.0
1072,00Z,15,Jan,2018,1,1000.0,122.0,11.2,9.3,88.0,7.4,340.0,5.0,284.4,305.0,285.6
1074,00Z,15,Jan,2018,3,850.0,1491.0,9.4,0.4,53.0,4.66,25.0,4.0,296.0,310.0,296.8
1075,00Z,15,Jan,2018,4,700.0,3079.0,4.2,-17.8,18.0,1.36,320.0,23.0,307.1,311.7,307.4
1076,00Z,15,Jan,2018,5,500.0,5770.0,-7.7,-55.7,1.0,0.04,265.0,49.0,323.6,323.8,323.6
1077,00Z,15,Jan,2018,6,400.0,7470.0,-17.5,-61.5,1.0,0.02,270.0,72.0,332.2,332.3,332.2
1078,00Z,15,Jan,2018,7,300.0,9560.0,-30.7,-62.7,3.0,0.03,245.0,84.0,342.0,342.1,342.0
1079,00Z,15,Jan,2018,8,250.0,10830.0,-40.7,-70.7,3.0,0.01,240.0,91.0,345.4,345.5,345.4
1080,00Z,15,Jan,2018,9,200.0,12310.0,-53.1,-78.1,3.0,0.0,235.0,94.0,348.5,348.5,348.5
1085,00Z,16,Jan,2018,1,1000.0,115.0,12.0,9.4,84.0,7.45,335.0,9.0,285.1,306.1,286.4
1090,00Z,16,Jan,2018,6,850.0,1484.0,9.8,1.8,57.0,5.15,105.0,5.0,296.4,311.8,297.3
1093,00Z,16,Jan,2018,9,700.0,3071.0,5.0,-15.0,22.0,1.71,325.0,19.0,308.0,313.7,308.3
1094,00Z,16,Jan,2018,10,500.0,5770.0,-9.1,-52.1,2.0,0.06,300.0,30.0,321.9,322.1,321.9
1095,00Z,16,Jan,2018,11,400.0,7460.0,-21.3,-64.3,1.0,0.02,300.0,36.0,327.2,327.3,327.2
1096,00Z,16,Jan,2018,12,300.0,9520.0,-33.9,-72.9,1.0,0.01,265.0,64.0,337.5,337.5,337.5
1098,00Z,16,Jan,2018,14,250.0,10770.0,-39.9,-76.9,1.0,0.0,265.0,88.0,346.6,346.6,346.6
1099,00Z,16,Jan,2018,15,200.0,12270.0,-49.9,-83.9,1.0,0.0,275.0,83.0,353.6,353.6,353.6
1103,00Z,17,Jan,2018,1,1000.0,109.0,11.6,10.2,91.0,7.87,5.0,10.0,284.8,306.7,286.1
1105,00Z,17,Jan,2018,3,850.0,1483.0,10.6,4.6,66.0,6.29,45.0,2.0,297.2,316.0,298.4
1106,00Z,17,Jan,2018,4,700.0,3077.0,7.8,-23.2,9.0,0.85,315.0,39.0,311.1,314.1,311.2
1107,00Z,17,Jan,2018,5,500.0,5790.0,-7.5,-48.5,2.0,0.09,290.0,32.0,323.8,324.2,323.9
1108,00Z,17,Jan,2018,6,400.0,7480.0,-20.9,-63.9,1.0,0.02,315.0,34.0,327.7,327.8,327.7
1109,00Z,17,Jan,2018,7,300.0,9560.0,-30.1,-70.1,1.0,0.01,275.0,61.0,342.8,342.9,342.8
1110,00Z,17,Jan,2018,8,250.0,10830.0,-41.3,-78.3,1.0,0.0,275.0,63.0,344.5,344.6,344.5
1112,00Z,17,Jan,2018,10,200.0,12300.0,-53.9,-77.9,4.0,0.0,255.0,63.0,347.2,347.3,347.2
1116,00Z,26,Jan,2018,1,1000.0,97.0,16.8,7.8,55.0,6.68,330.0,10.0,289.9,309.2,291.1
1121,00Z,26,Jan,2018,6,850.0,1466.0,9.8,-8.2,27.0,2.43,280.0,19.0,296.4,304.0,296.8
1123,00Z,26,Jan,2018,8,700.0,3054.0,3.4,-28.6,7.0,0.52,285.0,30.0,306.2,308.1,306.3
1124,00Z,26,Jan,2018,9,500.0,5700.0,-10.7,-57.7,1.0,0.03,260.0,54.0,319.9,320.1,319.9
1125,00Z,26,Jan,2018,10,400.0,7380.0,-21.3,-64.3,1.0,0.02,265.0,85.0,327.2,327.3,327.2
1126,00Z,26,Jan,2018,11,300.0,9450.0,-32.5,-71.5,1.0,0.01,265.0,115.0,339.4,339.5,339.4
1128,00Z,26,Jan,2018,13,250.0,10720.0,-40.3,-77.3,1.0,0.0,245.0,117.0,346.0,346.0,346.0
1129,00Z,26,Jan,2018,14,200.0,12200.0,-53.5,-78.5,3.0,0.0,245.0,118.0,347.9,347.9,347.9
1134,00Z,27,Jan,2018,2,1000.0,98.0,11.2,8.4,83.0,6.96,300.0,13.0,284.4,303.9,285.5
1137,00Z,27,Jan,2018,5,850.0,1457.0,8.8,-13.2,20.0,1.63,275.0,16.0,295.4,300.5,295.6
1140,00Z,27,Jan,2018,8,700.0,3036.0,2.2,-43.8,2.0,0.11,265.0,36.0,304.9,305.3,304.9
1142,00Z,27,Jan,2018,10,500.0,5690.0,-12.3,-58.3,1.0,0.03,285.0,60.0,318.0,318.1,318.0
1144,00Z,27,Jan,2018,12,400.0,7360.0,-18.7,-62.7,1.0,0.02,285.0,101.0,330.6,330.7,330.6
1147,00Z,27,Jan,2018,15,300.0,9450.0,-33.7,-60.7,5.0,0.04,285.0,118.0,337.8,337.9,337.8
1149,00Z,27,Jan,2018,17,250.0,10710.0,-42.7,-78.7,1.0,0.0,265.0,114.0,342.4,342.5,342.4
1152,00Z,27,Jan,2018,20,200.0,12170.0,-55.1,-74.1,8.0,0.01,265.0,126.0,345.4,345.4,345.4
1160,00Z,30,Jan,2018,1,1000.0,118.0,15.2,8.2,63.0,6.86,295.0,8.0,288.4,307.9,289.5
1162,00Z,30,Jan,2018,3,850.0,1477.0,9.8,-7.2,29.0,2.63,300.0,17.0,296.4,304.6,296.9
1163,00Z,30,Jan,2018,4,700.0,3073.0,9.2,,,,285.0,51.0,312.6,,312.6
1164,00Z,30,Jan,2018,5,500.0,5810.0,-3.1,,,,295.0,68.0,329.2,,329.2
1165,00Z,30,Jan,2018,6,400.0,7530.0,-17.9,,,,290.0,66.0,331.6,,331.6
1166,00Z,30,Jan,2018,7,300.0,9620.0,-32.3,,,,280.0,71.0,339.7,,339.7
1167,00Z,30,Jan,2018,8,250.0,10880.0,-43.7,,,,275.0,71.0,341.0,,341.0
1169,00Z,30,Jan,2018,10,200.0,12340.0,-55.1,,,,270.0,85.0,345.4,,345.4
1173,00Z,31,Jan,2018,1,1000.0,92.0,15.2,10.2,72.0,7.87,75.0,8.0,288.4,310.7,289.7
1178,00Z,31,Jan,2018,6,850.0,1459.0,7.4,3.3,75.0,5.74,260.0,6.0,293.9,310.8,294.9
1180,00Z,31,Jan,2018,8,700.0,3053.0,11.8,,,,290.0,65.0,315.5,,315.5
1181,00Z,31,Jan,2018,9,500.0,5800.0,-2.7,,,,300.0,65.0,329.7,,329.7
1182,00Z,31,Jan,2018,10,400.0,7520.0,-16.5,,,,280.0,72.0,333.5,,333.5
1183,00Z,31,Jan,2018,11,300.0,9610.0,-33.5,,,,280.0,77.0,338.0,,338.0
1184,00Z,31,Jan,2018,12,250.0,10860.0,-44.3,,,,275.0,81.0,340.1,,340.1
1186,00Z,31,Jan,2018,14,200.0,12320.0,-56.5,,,,270.0,78.0,343.1,,343.1
