Date,Reading,PRES(hPa),HGHT(m),TEMP(C),DWPT(C),RELH(%),MIXR(g/kg),DRCT(deg),SKNT(knot),THTA(K),THTE(K),THTV(K)
00Z 08 Jan 1985,0,1014.0,20,13.0,11.0,88,8.19,360,0,285.0,307.9,286.4
00Z 08 Jan 1985,1,1000.0,127,15.6,13.4,87,9.75,210,13,288.8,316.3,290.4
00Z 08 Jan 1985,2,850.0,1491,8.0,4.6,79,6.29,210,15,294.5,313.0,295.6
00Z 08 Jan 1985,3,700.0,3070,1.2,NA,NA,NA,330,20,303.8,NA,303.8
00Z 08 Jan 1985,4,500.0,5700,-13.1,NA,NA,NA,275,56,317.0,NA,317.0
00Z 08 Jan 1985,5,400.0,7360,-25.9,NA,NA,NA,270,57,321.2,NA,321.2
00Z 08 Jan 1985,6,300.0,9380,-41.3,NA,NA,NA,NA,NA,327.0,NA,327.0
00Z 09 Jan 1985,0,1014.0,20,15.0,14.0,94,10.00,NA,NA,287.0,315.0,288.7
00Z 09 Jan 1985,1,1000.0,138,20.0,18.5,91,13.59,290,8,293.1,331.9,295.5
00Z 09 Jan 1985,2,850.0,1512,13.0,NA,NA,NA,245,16,299.8,NA,299.8
00Z 09 Jan 1985,3,700.0,3115,7.0,NA,NA,NA,245,25,310.2,NA,310.2
00Z 09 Jan 1985,4,500.0,5790,-10.5,NA,NA,NA,260,30,320.2,NA,320.2
00Z 09 Jan 1985,5,400.0,7460,-23.5,NA,NA,NA,285,57,324.4,NA,324.4
00Z 09 Jan 1985,6,300.0,9510,-33.3,NA,NA,NA,260,63,338.3,NA,338.3
00Z 09 Jan 1985,7,250.0,10760,-41.9,NA,NA,NA,255,71,343.6,NA,343.6
00Z 09 Jan 1985,8,200.0,12230,-53.5,NA,NA,NA,300,48,347.9,NA,347.9
00Z 12 Jan 1985,0,1013.0,20,11.0,8.9,87,7.11,360,0,283.1,302.9,284.3
00Z 12 Jan 1985,1,1000.0,128,14.0,11.6,85,8.65,255,16,287.1,311.5,288.6
00Z 12 Jan 1985,2,900.0,1014,14.0,-10.0,18,2.00,258,16,295.9,302.2,296.3
00Z 12 Jan 1985,3,850.0,1491,11.0,-18.0,11,1.10,260,16,297.7,301.3,297.9
00Z 12 Jan 1985,4,700.0,3093,7.4,NA,NA,NA,262,16,310.6,NA,310.6
00Z 12 Jan 1985,5,500.0,5760,-11.1,NA,NA,NA,265,16,319.4,NA,319.4
00Z 14 Jan 1985,0,1015.0,20,10.6,9.0,90,7.14,360,0,282.6,302.4,283.8
00Z 14 Jan 1985,1,1000.0,144,17.6,11.6,68,8.65,280,14,290.8,315.5,292.3
00Z 14 Jan 1985,2,850.0,1512,9.0,4.7,74,6.34,305,15,295.6,314.3,296.7
00Z 14 Jan 1985,3,700.0,3087,-0.3,-15.3,31,1.67,300,26,302.1,307.6,302.4
00Z 14 Jan 1985,4,500.0,5730,-13.1,NA,NA,NA,270,47,317.0,NA,317.0
00Z 14 Jan 1985,5,400.0,7400,-25.3,NA,NA,NA,275,48,322.0,NA,322.0
00Z 14 Jan 1985,6,300.0,9420,-42.7,NA,NA,NA,NA,NA,325.1,NA,325.1
00Z 15 Jan 1985,0,1014.0,20,9.8,9.1,95,7.20,NA,NA,281.8,301.7,283.1
00Z 15 Jan 1985,1,1000.0,124,16.4,10.4,68,7.97,285,6,289.6,312.3,290.9
00Z 15 Jan 1985,2,850.0,1489,8.2,2.2,66,5.30,280,10,294.7,310.5,295.7
00Z 15 Jan 1985,3,700.0,3064,2.0,-9.0,44,2.78,285,20,304.7,313.6,305.2
00Z 15 Jan 1985,4,500.0,5700,-14.3,NA,NA,NA,285,45,315.5,NA,315.5
00Z 15 Jan 1985,5,400.0,7340,-21.3,NA,NA,NA,278,63,327.2,NA,327.2
00Z 15 Jan 1985,6,255.0,NA,NA,NA,NA,NA,265,98
00Z 16 Jan 1985,0,1013.0,20,13.0,11.0,88,8.20,360,0,285.1,308.0,286.5
00Z 16 Jan 1985,1,1000.0,126,16.0,11.6,75,8.65,260,6,289.1,313.7,290.7
00Z 16 Jan 1985,2,900.0,1013,13.2,11.2,88,9.36,260,6,295.1,322.3,296.8
00Z 16 Jan 1985,3,850.0,1488,8.4,5.7,83,6.80,260,6,294.9,314.9,296.1
00Z 16 Jan 1985,4,700.0,3063,-3.3,-13.3,46,1.97,280,14,298.8,305.1,299.2
00Z 16 Jan 1985,5,500.0,5650,-16.5,-18.6,84,1.77,280,58,312.9,318.9,313.2
00Z 23 Jan 1985,0,1014.0,20,12.4,8.4,77,6.86,360,2,284.4,303.7,285.6
00Z 23 Jan 1985,1,1000.0,134,-27.1,-27.7,95,0.40,270,106,246.1,247.1,246.1
00Z 23 Jan 1985,2,900.0,993,13.2,8.7,74,7.90,267,39,295.1,318.2,296.5
00Z 23 Jan 1985,3,850.0,1494,11.2,5.2,67,6.56,265,3,297.9,317.4,299.1
00Z 23 Jan 1985,4,700.0,3075,0.0,NA,NA,NA,280,13,302.4,NA,302.4
00Z 23 Jan 1985,5,500.0,5600,-16.1,NA,NA,NA,295,8,313.4,NA,313.4
00Z 23 Jan 1985,6,400.0,7250,-26.1,NA,NA,NA,280,17,321.0,NA,321.0
00Z 01 Jan 1986,0,1013.0,20,11.6,11.0,96,8.20,360,0,283.7,306.4,285.1
00Z 01 Jan 1986,1,1000.0,124,14.8,12.2,84,9.00,305,3,287.9,313.3,289.5
00Z 01 Jan 1986,2,900.0,1025,12.8,6.8,67,6.93,16,98,294.7,315.0,295.9
00Z 01 Jan 1986,3,850.0,1509,9.8,5.5,75,6.70,55,150,296.4,316.2,297.6
00Z 01 Jan 1986,4,700.0,3140,11.8,NA,NA,NA,295,28,315.5,NA,315.5
00Z 01 Jan 1986,5,500.0,5940,-2.9,NA,NA,NA,285,30,329.4,NA,329.4
00Z 01 Jan 1986,6,400.0,7690,-16.7,NA,NA,NA,280,31,333.2,NA,333.2
00Z 01 Jan 1986,7,300.0,9830,-32.9,NA,NA,NA,280,61,338.9,NA,338.9
00Z 01 Jan 1986,8,250.0,11086,-42.9,NA,NA,NA,280,72,342.1,NA,342.1
00Z 01 Jan 1986,9,238.0,11422,-45.2,NA,NA,NA,290,118,343.5,NA,343.5
00Z 01 Jan 1986,10,200.0,12610,-53.5,NA,NA,NA,NA,NA,347.9,NA,347.9
00Z 04 Jan 1986,0,1013.0,20,10.0,10.0,100,7.66,NA,NA,282.1,303.3,283.4
00Z 04 Jan 1986,1,1000.0,127,11.0,9.7,92,7.61,300,306,284.1,305.4,285.4
00Z 04 Jan 1986,2,979.3,304,11.1,NA,NA,NA,305,8,285.9,NA,285.9
00Z 04 Jan 1986,3,911.2,914,11.2,NA,NA,NA,15,8,292.0,NA,292.0
00Z 04 Jan 1986,4,850.0,1502,11.4,NA,NA,NA,100,18,298.1,NA,298.1
00Z 04 Jan 1986,5,700.0,3154,17.4,NA,NA,NA,260,12,321.7,NA,321.7
00Z 04 Jan 1986,6,556.0,5077,0.0,NA,NA,NA,250,17,323.0,NA,323.0
00Z 04 Jan 1986,7,500.0,5930,-3.9,NA,NA,NA,245,20,328.2,NA,328.2
00Z 04 Jan 1986,8,400.0,7680,-19.7,NA,NA,NA,250,25,329.3,NA,329.3
00Z 04 Jan 1986,9,300.0,9821,-34.1,NA,NA,NA,255,60,337.2,NA,337.2
00Z 04 Jan 1986,10,250.0,11070,-44.5,NA,NA,NA,250,30,339.8,NA,339.8
00Z 04 Jan 1986,11,200.0,12570,-52.9,NA,NA,NA,205,88,348.8,NA,348.8
00Z 04 Jan 1986,12,150.0,14390,-64.7,NA,NA,NA,255,132,358.4,NA,358.4
00Z 04 Jan 1986,13,132.0,15230,-42.5,NA,NA,NA,100,195,411.3,NA,411.3
00Z 04 Jan 1986,14,125.0,15587,-33.1,NA,NA,NA,NA,NA,434.8,NA,434.8
00Z 05 Jan 1986,0,1011.0,20,11.2,10.4,95,7.89,360,0,283.5,305.4,284.8
00Z 05 Jan 1986,1,1000.0,143,13.0,10.2,83,7.87,295,9,286.1,308.3,287.5
00Z 05 Jan 1986,2,900.0,1041,12.0,8.8,81,7.95,301,7,293.9,317.0,295.3
00Z 05 Jan 1986,3,850.0,1524,9.4,NA,NA,NA,305,6,296.0,NA,296.0
00Z 05 Jan 1986,4,700.0,3161,7.6,NA,NA,NA,285,14,310.9,NA,310.9
00Z 05 Jan 1986,5,500.0,5840,-8.1,NA,NA,NA,250,51,323.1,NA,323.1
00Z 05 Jan 1986,6,405.0,7530,-16.2,NA,NA,NA,240,88,332.6,NA,332.6
00Z 05 Jan 1986,7,400.0,7630,-16.7,NA,NA,NA,240,88,333.2,NA,333.2
00Z 06 Jan 1986,0,1013.0,20,11.2,10.0,92,7.66,360,0,283.3,304.6,284.6
00Z 06 Jan 1986,1,1000.0,122,13.0,12.8,99,9.37,325,4,286.1,312.3,287.8
00Z 06 Jan 1986,2,920.0,833,14.6,9.6,72,8.22,19,9,294.7,318.6,296.1
00Z 06 Jan 1986,3,850.0,1504,10.2,4.2,66,6.12,70,13,296.8,315.0,297.9
00Z 06 Jan 1986,4,700.0,3130,9.2,NA,NA,NA,285,27,312.6,NA,312.6
00Z 06 Jan 1986,5,500.0,5860,-9.9,NA,NA,NA,285,35,320.9,NA,320.9
00Z 06 Jan 1986,6,400.0,7560,-18.9,NA,NA,NA,280,50,330.3,NA,330.3
00Z 06 Jan 1986,7,300.0,9700,-28.9,NA,NA,NA,NA,NA,344.5,NA,344.5
00Z 11 Jan 1986,0,1013.0,20,14.4,13.0,91,9.37,360,0,286.5,312.7,288.1
00Z 11 Jan 1986,1,1000.0,129,17.4,12.5,73,9.18,40,2,290.6,316.7,292.2
00Z 11 Jan 1986,2,920.0,843,11.6,8.1,79,7.44,354,4,291.6,313.1,292.9
00Z 11 Jan 1986,3,850.0,1509,8.0,4.0,76,6.03,310,5,294.5,312.3,295.6
00Z 11 Jan 1986,4,700.0,3125,3.6,NA,NA,NA,290,15,306.4,NA,306.4
00Z 11 Jan 1986,5,500.0,5820,-11.5,NA,NA,NA,235,18,318.9,NA,318.9
00Z 20 Jan 1986,0,1014.0,20,11.4,8.9,85,7.10,360,0,283.4,303.2,284.6
00Z 20 Jan 1986,1,1000.0,137,16.6,13.6,82,9.88,225,4,289.8,317.7,291.5
00Z 20 Jan 1986,2,920.0,850,14.6,11.5,82,9.34,156,37,294.7,321.8,296.4
00Z 20 Jan 1986,3,850.0,1517,9.0,-8.0,29,2.47,90,68,295.6,303.2,296.0
00Z 20 Jan 1986,4,650.0,3699,0.0,NA,NA,NA,129,95,308.9,NA,308.9
00Z 20 Jan 1986,5,326.0,8882,-26.0,NA,NA,NA,230,164,340.4,NA,340.4
00Z 20 Jan 1986,6,270.0,10298,-33.1,NA,NA,NA,NA,NA,348.9,NA,348.9
00Z 23 Jan 1986,0,1013.0,20,12.8,10.0,83,7.66,360,0,284.9,306.3,286.2
00Z 23 Jan 1986,1,1000.0,128,17.4,11.4,68,8.53,245,4,290.6,314.9,292.0
00Z 23 Jan 1986,2,920.0,847,13.6,NA,NA,NA,245,6,293.7,NA,293.7
00Z 23 Jan 1986,3,850.0,1519,10.0,NA,NA,NA,245,8,296.6,NA,296.6
00Z 23 Jan 1986,4,700.0,3222,6.6,NA,NA,NA,325,24,309.8,NA,309.8
00Z 23 Jan 1986,5,500.0,5910,-7.7,NA,NA,NA,270,28,323.6,NA,323.6
00Z 23 Jan 1986,6,400.0,7640,-18.5,NA,NA,NA,265,35,330.9,NA,330.9
00Z 23 Jan 1986,7,300.0,9740,-38.5,NA,NA,NA,275,39,331.0,NA,331.0
00Z 23 Jan 1986,8,250.0,10980,-48.7,NA,NA,NA,NA,NA,333.5,NA,333.5
00Z 24 Jan 1986,0,1013.0,20,13.0,10.0,82,7.66,290,4,285.1,306.6,286.4
00Z 24 Jan 1986,1,1000.0,127,15.0,12.2,83,9.00,285,22,288.1,313.6,289.7
00Z 24 Jan 1986,2,920.0,844,11.0,NA,NA,NA,293,26,291.0,NA,291.0
00Z 24 Jan 1986,3,850.0,1481,-20.7,NA,NA,NA,300,29,264.4,NA,264.4
00Z 24 Jan 1986,4,700.0,3104,0.0,NA,NA,NA,285,63,302.4,NA,302.4
00Z 24 Jan 1986,5,505.0,5650,-12.1,NA,NA,NA,290,98,317.3,NA,317.3
00Z 24 Jan 1986,6,486.0,5949,-13.5,NA,NA,NA,NA,NA,319.1,NA,319.1
00Z 27 Jan 1986,0,1015.0,20,13.8,13.0,95,9.35,NA,NA,285.7,311.8,287.3
00Z 27 Jan 1986,1,1000.0,145,14.1,NA,NA,NA,NA,NA,287.2,NA,287.2
00Z 27 Jan 1986,2,981.3,304,14.5,NA,NA,NA,340,15,289.2,NA,289.2
00Z 27 Jan 1986,3,946.5,609,15.3,NA,NA,NA,295,5,293.1,NA,293.1
00Z 27 Jan 1986,4,920.0,848,16.0,NA,NA,NA,264,5,296.1,NA,296.1
00Z 27 Jan 1986,5,912.7,914,15.7,NA,NA,NA,255,5,296.4,NA,296.4
00Z 27 Jan 1986,6,640.0,3835,0.0,NA,NA,NA,NA,NA,310.3,NA,310.3
00Z 27 Jan 1986,7,190.0,12509,-58.3,NA,NA,NA,NA,NA,345.3,NA,345.3
00Z 29 Jan 1986,0,1014.0,20,13.0,11.0,88,8.19,NA,NA,285.0,307.9,286.4
00Z 29 Jan 1986,1,1000.0,135,18.0,14.5,80,10.48,360,5,291.1,321.0,293.0
00Z 29 Jan 1986,2,981.2,304,17.8,13.9,78,10.29,360,7,292.5,322.0,294.3
00Z 29 Jan 1986,3,948.2,609,17.4,12.9,75,9.95,360,8,295.0,323.8,296.7
00Z 29 Jan 1986,4,920.0,879,17.0,12.0,72,9.66,311,9,297.1,325.4,298.9
00Z 29 Jan 1986,5,916.3,914,16.7,11.9,73,9.62,305,9,297.1,325.3,298.9
00Z 29 Jan 1986,6,850.0,1575,10.2,9.5,95,8.84,260,17,296.8,322.7,298.4
00Z 29 Jan 1986,7,700.0,3170,5.0,1.5,78,6.13,285,39,308.0,327.1,309.1
00Z 29 Jan 1986,8,620.0,4169,0.0,-4.5,72,4.44,278,56,313.1,327.4,314.0
00Z 29 Jan 1986,9,505.0,5810,-9.1,NA,NA,NA,265,85,321.0,NA,321.0
00Z 29 Jan 1986,10,500.0,5890,-9.5,NA,NA,NA,265,85,321.4,NA,321.4
00Z 29 Jan 1986,11,486.6,6096,-10.9,NA,NA,NA,265,84,322.2,NA,322.2
00Z 29 Jan 1986,12,410.0,7392,-19.5,NA,NA,NA,NA,NA,327.2,NA,327.2
00Z 30 Jan 1986,0,1011.0,20,14.2,12.0,87,8.78,360,0,286.4,311.1,288.0
00Z 30 Jan 1986,1,1000.0,116,17.0,15.0,88,10.83,325,6,290.1,320.8,292.0
00Z 30 Jan 1986,2,920.0,845,18.0,13.6,75,10.75,307,20,298.2,329.7,300.1
00Z 30 Jan 1986,3,850.0,1533,14.2,11.2,82,9.92,290,33,301.0,330.5,302.8
00Z 30 Jan 1986,4,586.0,4593,0.0,NA,NA,NA,NA,NA,318.2,NA,318.2
00Z 30 Jan 1986,5,377.0,7957,-25.3,NA,NA,NA,NA,NA,327.5,NA,327.5
00Z 31 Jan 1986,0,1007.0,20,15.0,13.0,88,9.43,275,5,287.6,314.1,289.2
00Z 31 Jan 1986,1,1000.0,81,23.4,20.5,84,15.43,205,6,296.6,341.2,299.3
00Z 31 Jan 1986,2,920.0,811,19.2,10.2,56,8.56,249,12,299.4,324.8,300.9
00Z 31 Jan 1986,3,850.0,1488,12.0,6.0,67,6.94,290,17,298.7,319.4,299.9
00Z 31 Jan 1986,4,700.0,3115,-83.3,NA,NA,NA,20,240,210.2,NA,210.2
00Z 31 Jan 1986,5,660.0,3514,0.0,NA,NA,NA,13,233,307.6,NA,307.6
00Z 31 Jan 1986,6,244.0,NA,NA,NA,NA,NA,260,113
00Z 01 Jan 1987,0,1012.0,20,11.2,8.9,86,7.12,360,0,283.4,303.2,284.6
00Z 01 Jan 1987,1,1000.0,118,16.6,12.0,74,8.88,335,4,289.8,315.0,291.3
00Z 01 Jan 1987,2,920.0,827,9.2,-9.8,25,1.98,309,11,289.2,295.2,289.5
00Z 01 Jan 1987,3,850.0,1486,5.6,-6.4,42,2.80,285,17,292.0,300.5,292.5
00Z 01 Jan 1987,4,700.0,3071,-0.5,NA,NA,NA,265,10,301.9,NA,301.9
00Z 01 Jan 1987,5,500.0,5760,-14.1,NA,NA,NA,310,30,315.8,NA,315.8
00Z 01 Jan 1987,6,400.0,7440,-26.1,NA,NA,NA,295,34,321.0,NA,321.0
00Z 01 Jan 1987,7,300.0,9490,-41.9,NA,NA,NA,NA,NA,326.2,NA,326.2
00Z 02 Jan 1987,0,1012.0,20,9.6,8.0,90,6.69,360,0,281.8,300.4,282.9
00Z 02 Jan 1987,1,1000.0,120,12.4,10.9,91,8.25,35,18,285.6,308.6,287.0
00Z 02 Jan 1987,2,920.0,830,9.0,7.5,90,7.12,12,22,288.9,309.3,290.2
00Z 02 Jan 1987,3,850.0,1496,7.0,NA,NA,NA,350,26,293.5,NA,293.5
00Z 02 Jan 1987,4,700.0,3111,3.2,NA,NA,NA,300,36,306.0,NA,306.0
00Z 02 Jan 1987,5,500.0,5870,-12.5,NA,NA,NA,285,56,317.7,NA,317.7
00Z 02 Jan 1987,6,400.0,7550,-25.5,NA,NA,NA,205,88,321.8,NA,321.8
00Z 02 Jan 1987,7,290.0,NA,NA,NA,NA,NA,285,64
00Z 03 Jan 1987,0,1014.0,20,10.0,8.0,87,6.68,45,4,282.0,300.6,283.2
00Z 03 Jan 1987,1,1000.0,136,10.4,9.8,96,7.66,60,7,283.6,304.8,284.9
00Z 03 Jan 1987,2,920.0,838,5.8,NA,NA,NA,37,25,285.7,NA,285.7
00Z 03 Jan 1987,3,850.0,1494,3.0,NA,NA,NA,15,42,289.3,NA,289.3
00Z 03 Jan 1987,4,700.0,3060,-4.9,NA,NA,NA,275,22,297.0,NA,297.0
00Z 03 Jan 1987,5,550.0,NA,NA,NA,NA,NA,260,64
00Z 04 Jan 1987,0,1015.0,20,10.0,9.0,94,7.14,335,4,281.9,301.7,283.2
00Z 04 Jan 1987,1,1000.0,144,15.0,3.0,44,4.77,290,4,288.1,302.0,289.0
00Z 04 Jan 1987,2,981.3,304,14.2,2.5,45,4.68,305,10,288.9,302.6,289.8
00Z 04 Jan 1987,3,946.6,609,12.8,1.4,46,4.51,345,9,290.4,303.7,291.2
00Z 04 Jan 1987,4,913.1,914,11.3,0.4,47,4.34,290,6,291.9,304.8,292.7
00Z 04 Jan 1987,5,850.0,1520,8.4,-1.6,49,4.02,290,4,294.9,307.0,295.6
00Z 04 Jan 1987,6,789.5,2133,3.6,NA,NA,NA,290,27,296.1,NA,296.1
00Z 04 Jan 1987,7,700.0,3131,-4.3,NA,NA,NA,25,16,297.7,NA,297.7
00Z 06 Jan 1987,0,1014.0,20,11.2,8.0,81,6.68,325,2,283.2,301.9,284.4
00Z 06 Jan 1987,1,1000.0,134,16.6,12.6,77,9.24,320,12,289.8,316.0,291.4
00Z 06 Jan 1987,2,920.0,854,15.0,NA,NA,NA,317,8,295.1,NA,295.1
00Z 06 Jan 1987,3,850.0,1530,12.2,NA,NA,NA,315,4,298.9,NA,298.9
00Z 06 Jan 1987,4,700.0,3216,7.0,NA,NA,NA,280,9,310.2,NA,310.2
00Z 06 Jan 1987,5,500.0,5880,-13.1,NA,NA,NA,260,23,317.0,NA,317.0
00Z 06 Jan 1987,6,400.0,7570,-25.5,NA,NA,NA,260,30,321.8,NA,321.8
00Z 06 Jan 1987,7,300.0,9640,-39.3,NA,NA,NA,255,35,329.9,NA,329.9
00Z 06 Jan 1987,8,250.0,10900,-44.5,NA,NA,NA,NA,NA,339.8,NA,339.8
00Z 06 Jan 1987,9,229.0,11444,-77.9,NA,NA,NA,NA,NA,297.5,NA,297.5
00Z 07 Jan 1987,0,1014.0,20,11.6,11.0,96,8.19,25,2,283.6,306.3,285.0
00Z 07 Jan 1987,1,1000.0,137,17.8,7.8,52,6.68,100,6,290.9,310.3,292.1
00Z 07 Jan 1987,2,850.0,1541,15.0,NA,NA,NA,310,14,301.9,NA,301.9
00Z 07 Jan 1987,3,700.0,3250,5.6,NA,NA,NA,225,16,308.6,NA,308.6
00Z 07 Jan 1987,4,500.0,5880,-18.5,NA,NA,NA,235,16,310.4,NA,310.4
00Z 07 Jan 1987,5,400.0,7540,-29.9,NA,NA,NA,235,23,316.1,NA,316.1
00Z 07 Jan 1987,6,300.0,9560,-44.5,NA,NA,NA,NA,NA,322.5,NA,322.5
00Z 11 Jan 1987,0,1016.0,20,14.4,12.9,91,9.28,45,2,286.2,312.2,287.9
00Z 11 Jan 1987,1,1000.0,151,19.8,17.4,86,12.66,35,12,292.9,329.1,295.2
00Z 11 Jan 1987,2,920.0,877,17.0,6.9,51,6.84,40,8,297.1,317.4,298.4
00Z 11 Jan 1987,3,850.0,1557,14.0,-3.0,31,3.62,45,4,300.8,312.1,301.5
00Z 11 Jan 1987,4,700.0,3187,2.4,-8.6,44,2.87,265,12,305.1,314.3,305.6
00Z 11 Jan 1987,5,400.0,7570,-22.9,NA,NA,NA,255,21,325.1,NA,325.1
00Z 11 Jan 1987,6,300.0,9680,-34.1,NA,NA,NA,245,28,337.2,NA,337.2
00Z 11 Jan 1987,7,250.0,10960,-40.5,NA,NA,NA,250,50,345.7,NA,345.7
00Z 11 Jan 1987,8,200.0,12470,-52.9,NA,NA,NA,250,66,348.8,NA,348.8
00Z 11 Jan 1987,9,150.0,14320,-62.1,NA,NA,NA,250,36,362.9,NA,362.9
00Z 11 Jan 1987,10,100.0,16850,-73.7,NA,NA,NA,NA,NA,385.1,NA,385.1
00Z 15 Jan 1987,0,1015.0,20,15.6,14.9,96,10.60,270,3,287.5,317.2,289.4
00Z 15 Jan 1987,1,1000.0,148,15.5,12.9,85,9.43,345,16,288.6,315.3,290.3
00Z 15 Jan 1987,2,982.2,304,15.4,13.1,86,9.75,300,15,290.1,317.8,291.8
00Z 15 Jan 1987,3,948.4,609,15.3,13.6,90,10.42,345,12,292.9,322.8,294.7
00Z 15 Jan 1987,4,920.0,873,15.2,14.0,93,11.04,328,12,295.3,327.2,297.3
00Z 15 Jan 1987,5,915.6,914,15.0,13.3,90,10.62,325,12,295.5,326.2,297.3
00Z 15 Jan 1987,6,850.0,1555,11.2,3.2,58,5.70,285,14,297.9,314.9,298.9
00Z 24 Jan 1987,0,1014.0,20,12.0,11.0,94,8.19,NA,NA,284.0,306.8,285.4
00Z 24 Jan 1987,1,1000.0,134,13.6,11.2,85,8.42,360,14,286.8,310.4,288.2
00Z 24 Jan 1987,2,850.0,1518,12.4,NA,NA,NA,75,9,299.1,NA,299.1
00Z 24 Jan 1987,3,700.0,3170,8.0,NA,NA,NA,270,22,311.3,NA,311.3
00Z 24 Jan 1987,4,610.0,4303,0.0,NA,NA,NA,270,27,314.6,NA,314.6
00Z 24 Jan 1987,5,500.0,5880,-12.1,NA,NA,NA,270,35,318.2,NA,318.2
00Z 24 Jan 1987,6,400.0,7600,-21.1,NA,NA,NA,265,80,327.5,NA,327.5
00Z 24 Jan 1987,7,300.0,9720,-33.7,NA,NA,NA,NA,NA,337.8,NA,337.8
00Z 26 Jan 1987,0,1014.0,20,12.4,11.0,91,8.19,NA,NA,284.4,307.2,285.8
00Z 26 Jan 1987,1,1000.0,139,16.4,NA,NA,NA,305,7,289.6,NA,289.6
00Z 26 Jan 1987,2,850.0,1498,8.6,NA,NA,NA,105,20,295.1,NA,295.1
00Z 26 Jan 1987,3,700.0,3154,4.4,NA,NA,NA,165,22,307.3,NA,307.3
00Z 26 Jan 1987,4,500.0,5870,-12.1,NA,NA,NA,270,25,318.2,NA,318.2
00Z 26 Jan 1987,5,400.0,7630,-25.5,NA,NA,NA,270,28,321.8,NA,321.8
00Z 26 Jan 1987,6,300.0,9660,-38.7,NA,NA,NA,260,57,330.7,NA,330.7
00Z 26 Jan 1987,7,250.0,10910,-40.5,NA,NA,NA,265,97,345.7,NA,345.7
00Z 26 Jan 1987,8,200.0,12450,-42.9,NA,NA,NA,215,135,364.7,NA,364.7
00Z 26 Jan 1987,9,150.0,14400,-54.9,NA,NA,NA,205,138,375.3,NA,375.3
00Z 26 Jan 1987,10,123.0,15658,-60.8,NA,NA,NA,275,129,386.5,NA,386.5
00Z 26 Jan 1987,11,100.0,16970,-66.9,NA,NA,NA,NA,NA,398.2,NA,398.2
00Z 30 Jan 1987,0,1016.0,20,13.2,12.0,92,8.74,360,0,285.1,309.4,286.6
00Z 30 Jan 1987,1,1012.0,54,13.2,12.0,92,8.77,10,3,285.4,309.9,286.9
00Z 30 Jan 1987,2,1000.0,157,19.0,17.4,90,12.66,40,11,292.1,328.2,294.4
00Z 30 Jan 1987,3,920.0,879,14.0,11.0,82,9.03,45,8,294.1,320.2,295.7
00Z 30 Jan 1987,4,850.0,1551,8.4,5.7,83,6.80,50,5,294.9,314.9,296.1
00Z 30 Jan 1987,5,700.0,3156,0.8,-4.2,69,4.02,360,6,303.3,315.9,304.1
00Z 30 Jan 1987,6,685.0,3333,0.0,NA,NA,NA,355,9,304.3,NA,304.3
00Z 30 Jan 1987,7,500.0,5820,-17.9,NA,NA,NA,285,51,311.1,NA,311.1
00Z 30 Jan 1987,8,400.0,7510,-21.5,NA,NA,NA,295,72,327.0,NA,327.0
00Z 30 Jan 1987,9,275.0,10179,-38.1,NA,NA,NA,NA,NA,339.9,NA,339.9
00Z 01 Jan 1990,0,1014.0,20,8.8,8.8,100,7.05,290,6,280.8,300.3,282.0
00Z 01 Jan 1990,1,1000.0,127,8.4,1.4,61,4.25,350,6,281.6,293.6,282.3
00Z 01 Jan 1990,2,850.0,1477,10.0,4.0,66,6.03,300,19,296.6,314.5,297.7
00Z 01 Jan 1990,3,700.0,3062,6.4,-6.6,39,3.35,300,25,309.5,320.4,310.2
00Z 01 Jan 1990,4,500.0,5730,-3.3,NA,NA,NA,284,65,328.9,NA,328.9
00Z 01 Jan 1990,5,410.0,NA,NA,NA,NA,NA,275,89
00Z 11 Jan 1993,0,1000.0,115,35.0,34.0,95,35.15,NA,NA,308.1,418.4,314.5
00Z 11 Jan 1993,1,850.0,1494,12.6,-0.4,41,4.39,285,13,299.3,312.8,300.1
00Z 11 Jan 1993,2,700.0,3103,4.2,-1.8,65,4.81,260,25,307.1,322.2,308.0
00Z 11 Jan 1993,3,500.0,5770,-10.3,-20.3,44,1.53,265,55,320.4,325.8,320.7
00Z 11 Jan 1993,4,400.0,7450,-23.5,-33.5,39,0.57,270,61,324.4,326.5,324.5
00Z 11 Jan 1993,5,300.0,9480,-66.1,NA,NA,NA,260,78,292.1,NA,292.1
00Z 15 Jan 1993,0,1000.0,116,36.0,35.8,99,39.08,NA,NA,309.1,433.6,316.2
00Z 15 Jan 1993,1,850.0,1476,7.4,2.7,72,5.50,285,30,293.9,310.1,294.9
00Z 15 Jan 1993,2,700.0,3055,-0.3,-10.3,47,2.51,280,49,302.1,310.1,302.6
00Z 15 Jan 1993,3,500.0,5730,-10.5,-20.5,44,1.51,285,79,320.2,325.5,320.5
00Z 15 Jan 1993,4,400.0,7440,-12.7,NA,NA,NA,275,99,338.4,NA,338.4
00Z 15 Jan 1993,5,300.0,9550,-30.3,NA,NA,NA,270,100,342.6,NA,342.6
00Z 15 Jan 1993,6,250.0,10830,-40.1,NA,NA,NA,275,105,346.3,NA,346.3
00Z 15 Jan 1993,7,200.0,12320,-50.9,NA,NA,NA,275,72,352.0,NA,352.0
00Z 15 Jan 1993,8,150.0,14120,-65.9,NA,NA,NA,250,90,356.4,NA,356.4
00Z 15 Jan 1993,9,118.0,15550,-72.7,NA,NA,NA,250,37,369.1,NA,369.1
00Z 15 Jan 1993,10,100.0,16510,-76.9,NA,NA,NA,245,29,378.9,NA,378.9
00Z 19 Jan 1998,0,1012.0,20,13.0,11.2,89,8.32,0,0,285.2,308.4,286.6
00Z 19 Jan 1998,1,1000.0,120,14.8,10.2,74,7.87,NA,NA,287.9,310.2,289.3
00Z 19 Jan 1998,2,925.0,778,13.0,8.0,72,7.32,NA,NA,292.6,313.8,293.9
00Z 19 Jan 1998,3,850.0,1486,8.4,-1.6,49,4.02,NA,NA,294.9,307.0,295.6
00Z 19 Jan 1998,4,700.0,3069,1.6,-15.4,27,1.66,NA,NA,304.2,309.7,304.5
00Z 19 Jan 1998,5,500.0,5710,-12.9,-30.9,21,0.58,NA,NA,317.2,319.4,317.4
00Z 19 Jan 1998,6,400.0,7370,-23.7,-39.7,22,0.30,NA,NA,324.1,325.3,324.2
00Z 19 Jan 1998,7,300.0,9420,-36.1,-50.1,22,0.13,NA,NA,334.4,334.9,334.4
00Z 19 Jan 1998,8,250.0,10660,-46.5,-59.5,21,0.05,NA,NA,336.8,337.0,336.8
00Z 19 Jan 1998,9,200.0,12100,-52.9,-64.9,22,0.03,NA,NA,348.8,349.0,348.8
00Z 19 Jan 1998,10,150.0,13920,-64.3,-75.3,21,0.01,NA,NA,359.1,359.2,359.1
00Z 19 Jan 1998,11,100.0,16350,-72.9,-82.9,21,0.00,NA,NA,386.6,386.6,386.6
00Z 26 Jan 1998,0,1015.0,20,14.8,12.7,87,9.17,0,0,286.7,312.4,288.3
00Z 26 Jan 1998,1,1000.0,146,17.0,5.0,45,5.50,352,0,290.1,306.1,291.1
00Z 26 Jan 1998,2,925.0,808,14.2,1.2,41,4.53,308,2,293.8,307.3,294.6
00Z 26 Jan 1998,3,850.0,1519,12.0,-23.0,7,0.71,260,4,298.7,301.1,298.8
00Z 26 Jan 1998,4,700.0,3111,3.4,-42.6,2,0.13,290,14,306.2,306.7,306.2
00Z 26 Jan 1998,5,500.0,5760,-12.1,-12.1,100,3.04,NA,NA,318.2,328.4,318.8
00Z 26 Jan 1998,6,400.0,7440,-24.1,-24.3,98,1.35,NA,NA,323.6,328.4,323.9
00Z 26 Jan 1998,7,300.0,9460,-40.3,-46.3,53,0.20,NA,NA,328.4,329.3,328.5
00Z 26 Jan 1998,8,250.0,10690,-49.1,-60.1,27,0.05,NA,NA,332.9,333.1,332.9
00Z 26 Jan 1998,9,200.0,12110,-58.9,-68.9,26,0.02,NA,NA,339.3,339.4,339.3
00Z 26 Jan 1998,10,185.0,12596,-62.1,-72.1,25,0.01,NA,NA,341.8,341.9,341.8
00Z 26 Jan 1998,11,150.0,13890,-63.5,-78.5,11,0.01,NA,NA,360.5,360.5,360.5
00Z 26 Jan 1998,12,100.0,16350,-70.7,-90.7,4,0.00,NA,NA,390.9,390.9,390.9
00Z 02 Jan 2008,0,1000.0,14,13.0,11.6,91,8.65,115,NA,286.1,310.4,287.6
00Z 02 Jan 2008,1,186.0,11984,-50.7,-52.7,79,0.16,215,105,359.6,360.3,359.7
00Z 02 Jan 2008,2,97.0,16617,-75.4,-77.6,71,0.01,220,31,385.1,385.2,385.1
00Z 02 Jan 2008,3,91.8,17009,-77.5,-79.7,71,0.01,203,33,387.1,387.1,387.1
00Z 02 Jan 2008,4,91.0,17060,-77.5,-79.6,72,0.01,200,33,388.1,388.1,388.1
00Z 02 Jan 2008,5,90.5,17091,-77.5,-79.5,73,0.01,200,34,388.7,388.7,388.7
00Z 02 Jan 2008,6,83.0,17591,-77.1,-79.5,68,0.01,220,26,399.2,399.3,399.2
00Z 02 Jan 2008,7,80.0,17803,-76.9,-79.6,66,0.01,195,28,403.8,403.9,403.8
00Z 02 Jan 2008,8,76.5,18062,-76.7,-79.6,63,0.01,210,26,409.4,409.5,409.5
00Z 02 Jan 2008,9,70.0,18580,-73.1,-79.1,40,0.01,240,21,427.7,427.7,427.7
00Z 02 Jan 2008,10,65.0,19016,-71.4,-79.5,29,0.01,265,15,440.5,440.6,440.5
00Z 02 Jan 2008,11,61.0,19390,-70.0,-79.9,22,0.01,305,25,451.8,451.9,451.8
00Z 02 Jan 2008,12,60.8,19410,-69.9,-79.9,22,0.01,308,24,452.4,452.4,452.4
00Z 02 Jan 2008,13,57.0,19791,-70.9,-79.6,27,0.01,0,0,458.4,458.5,458.4
00Z 02 Jan 2008,14,55.0,20003,-71.5,-79.5,30,0.01,310,7,461.8,461.9,461.9
00Z 02 Jan 2008,15,54.0,20113,-68.9,-79.6,20,0.01,285,11,470.3,470.4,470.3
00Z 02 Jan 2008,16,51.8,20363,-62.9,-79.9,8,0.01,217,10,489.9,489.9,489.9
00Z 02 Jan 2008,17,50.0,20580,-63.3,-79.3,10,0.01,160,9,493.9,494.0,493.9
00Z 02 Jan 2008,18,40.0,21957,-61.6,-79.3,8,0.02,135,6,530.6,530.7,530.6
00Z 02 Jan 2008,19,38.2,22241,-61.3,-79.3,8,0.02,162,13,538.5,538.6,538.5
00Z 02 Jan 2008,20,38.0,22274,-60.9,-79.3,7,0.02,165,14,540.2,540.4,540.2
00Z 02 Jan 2008,21,37.0,22441,-59.1,-79.5,6,0.02,200,4,549.1,549.3,549.1
00Z 02 Jan 2008,22,36.7,22491,-58.5,-79.5,5,0.02,NA,NA,551.9,552.0,551.9
00Z 09 Jan 2008,0,1012.0,20,13.8,11.9,88,8.72,0,0,286.0,310.4,287.5
00Z 09 Jan 2008,1,1006.0,71,15.5,13.7,89,9.91,350,23,288.1,316.0,289.9
00Z 09 Jan 2008,2,1000.0,122,17.2,15.6,90,11.26,345,11,290.4,322.2,292.3
00Z 09 Jan 2008,3,998.0,139,18.0,15.7,87,11.39,350,9,291.3,323.7,293.3
00Z 09 Jan 2008,4,994.0,173,19.6,16.0,80,11.63,347,9,293.2,326.6,295.3
00Z 09 Jan 2008,5,986.0,243,19.6,15.3,76,11.20,340,8,293.9,326.2,295.9
00Z 09 Jan 2008,6,973.0,357,19.2,13.2,68,9.89,329,7,294.6,323.3,296.4
00Z 09 Jan 2008,7,962.0,454,18.6,12.9,70,9.81,320,6,295.0,323.4,296.7
00Z 09 Jan 2008,8,953.0,534,18.0,12.7,71,9.75,0,6,295.2,323.5,296.9
00Z 09 Jan 2008,9,948.0,579,17.7,12.5,72,9.72,345,7,295.4,323.6,297.1
00Z 09 Jan 2008,10,939.0,660,17.2,12.3,73,9.66,345,7,295.6,323.7,297.3
00Z 09 Jan 2008,11,925.0,788,16.4,10.4,68,8.63,345,7,296.1,321.3,297.6
00Z 09 Jan 2008,12,890.0,1115,14.7,3.0,45,5.37,15,8,297.6,313.7,298.6
00Z 09 Jan 2008,13,888.0,1134,14.6,2.6,44,5.22,17,8,297.7,313.4,298.6
00Z 09 Jan 2008,14,885.0,1162,14.6,1.9,42,4.99,20,7,297.9,313.0,298.8
00Z 09 Jan 2008,15,865.0,1355,14.4,-2.6,31,3.67,340,5,299.7,311.1,300.4
00Z 09 Jan 2008,16,854.0,1462,14.6,-1.0,34,4.19,315,10,301.0,313.9,301.7
00Z 09 Jan 2008,17,850.0,1502,14.6,-0.4,36,4.39,315,11,301.4,315.0,302.2
00Z 09 Jan 2008,18,843.0,1572,14.2,0.2,38,4.61,315,12,301.8,315.9,302.6
00Z 09 Jan 2008,19,835.0,1652,13.8,0.8,41,4.88,304,14,302.1,317.1,303.0
00Z 09 Jan 2008,20,828.0,1723,13.9,-0.4,37,4.50,295,16,303.0,316.9,303.8
00Z 09 Jan 2008,21,799.0,2023,14.4,-5.6,25,3.17,300,26,306.6,316.7,307.2
00Z 09 Jan 2008,22,786.0,2161,14.0,-6.0,24,3.12,302,30,307.6,317.6,308.2
00Z 09 Jan 2008,23,772.0,2311,13.6,-9.7,19,2.38,305,35,308.7,316.5,309.2
00Z 09 Jan 2008,24,756.0,2486,13.1,-14.1,14,1.71,310,33,310.0,315.8,310.4
00Z 09 Jan 2008,25,705.0,3070,11.4,-28.6,4,0.52,301,36,314.4,316.3,314.5
00Z 09 Jan 2008,26,700.0,3129,10.8,-29.2,4,0.49,300,36,314.4,316.2,314.5
00Z 09 Jan 2008,27,628.0,3997,4.2,-32.6,5,0.40,285,34,316.8,318.2,316.8
00Z 09 Jan 2008,28,557.0,4957,-3.1,-36.3,6,0.31,300,34,319.2,320.4,319.2
00Z 09 Jan 2008,29,500.0,5820,-9.7,-39.7,7,0.24,280,35,321.1,322.1,321.2
00Z 09 Jan 2008,30,482.0,6103,-12.1,-42.1,6,0.20,273,36,321.6,322.4,321.6
00Z 09 Jan 2008,31,475.0,6213,-12.8,-42.2,7,0.20,270,37,322.1,322.9,322.1
00Z 09 Jan 2008,32,416.0,7214,-19.1,-43.5,10,0.20,275,48,326.5,327.2,326.5
00Z 09 Jan 2008,33,400.0,7510,-20.9,-43.9,11,0.20,285,48,327.7,328.5,327.8
00Z 09 Jan 2008,34,395.0,7602,-21.5,-44.5,11,0.19,290,45,328.1,328.9,328.2
00Z 09 Jan 2008,35,390.0,7696,-22.1,-45.1,11,0.18,289,45,328.6,329.3,328.6
00Z 09 Jan 2008,36,321.0,9085,-35.3,-43.3,44,0.26,274,49,329.1,330.1,329.1
00Z 09 Jan 2008,37,303.0,9482,-38.9,-47.7,39,0.17,270,50,329.5,330.2,329.6
00Z 09 Jan 2008,38,300.0,9550,-39.5,-48.5,38,0.16,270,51,329.6,330.2,329.6
00Z 09 Jan 2008,39,298.0,9596,-39.9,-48.9,38,0.15,270,50,329.6,330.3,329.7
00Z 09 Jan 2008,40,256.0,10620,-46.1,-56.9,29,0.07,280,86,335.1,335.4,335.1
00Z 09 Jan 2008,41,250.0,10780,-47.1,-58.1,27,0.06,280,87,335.9,336.2,335.9
00Z 09 Jan 2008,42,215.0,11772,-51.1,-64.1,20,0.03,280,98,344.5,344.6,344.5
00Z 09 Jan 2008,43,200.0,12240,-54.9,-68.9,16,0.02,280,104,345.7,345.8,345.7
00Z 09 Jan 2008,44,198.0,12303,-55.3,-69.3,16,0.02,280,106,346.0,346.1,346.0
00Z 09 Jan 2008,45,196.0,12367,-55.7,-69.7,16,0.02,290,106,346.4,346.4,346.4
00Z 09 Jan 2008,46,178.0,12970,-59.6,-73.6,15,0.01,275,103,349.6,349.7,349.6
00Z 09 Jan 2008,47,170.0,13258,-61.5,-75.5,14,0.01,282,101,351.1,351.2,351.1
00Z 09 Jan 2008,48,166.0,13403,-62.6,-76.4,14,0.01,285,100,351.8,351.8,351.8
00Z 09 Jan 2008,49,158.0,13704,-64.8,-78.2,14,0.01,290,92,353.0,353.1,353.0
00Z 09 Jan 2008,50,150.0,14020,-67.1,-80.1,14,0.00,285,86,354.3,354.3,354.3
00Z 09 Jan 2008,51,148.0,14101,-67.7,-79.7,17,0.00,283,84,354.6,354.6,354.6
00Z 09 Jan 2008,52,139.0,14477,-68.2,-79.6,18,0.01,275,72,360.1,360.1,360.1
00Z 09 Jan 2008,53,130.0,14879,-68.8,-79.4,20,0.01,265,82,366.0,366.0,366.0
00Z 09 Jan 2008,54,123.0,15211,-69.3,-79.3,22,0.01,267,89,371.0,371.0,371.0
00Z 09 Jan 2008,55,113.0,15706,-73.0,-79.5,37,0.01,270,99,373.2,373.2,373.2
00Z 09 Jan 2008,56,100.0,16420,-78.3,-79.7,80,0.01,275,91,376.2,376.2,376.2
00Z 09 Jan 2008,57,97.9,16541,-79.1,-79.7,91,0.01,270,85,376.9,377.0,376.9
00Z 09 Jan 2008,58,93.0,16833,-79.3,-79.8,92,0.01,280,79,382.1,382.1,382.1
00Z 09 Jan 2008,59,87.0,17213,-79.6,-79.9,94,0.01,275,65,388.9,389.0,388.9
00Z 09 Jan 2008,60,79.7,17712,-79.9,-80.1,97,0.01,265,63,398.1,398.1,398.1
00Z 09 Jan 2008,61,77.6,17865,-75.1,-79.6,50,0.01,262,62,411.1,411.2,411.1
00Z 09 Jan 2008,62,76.0,17986,-75.1,-79.6,50,0.01,260,62,413.6,413.6,413.6
00Z 09 Jan 2008,63,74.0,18142,-75.1,-79.6,50,0.01,265,65,416.7,416.8,416.7
00Z 09 Jan 2008,64,73.9,18149,-75.1,-79.6,50,0.01,265,65,416.9,416.9,416.9
00Z 09 Jan 2008,65,71.0,18386,-70.4,-79.7,24,0.01,280,51,431.8,431.8,431.8
00Z 09 Jan 2008,66,70.0,18470,-68.7,-79.7,19,0.01,275,45,437.1,437.1,437.1
00Z 09 Jan 2008,67,69.5,18513,-68.5,-79.5,19,0.01,270,43,438.4,438.5,438.4
00Z 09 Jan 2008,68,67.0,18734,-68.5,-79.6,19,0.01,245,32,443.1,443.1,443.1
00Z 09 Jan 2008,69,57.0,19706,-68.3,-80.1,17,0.01,300,9,464.3,464.4,464.3
00Z 09 Jan 2008,70,54.0,20032,-68.3,-80.3,17,0.01,240,14,471.6,471.7,471.6
00Z 09 Jan 2008,71,53.6,20077,-68.3,-80.3,16,0.01,247,15,472.6,472.7,472.6
00Z 09 Jan 2008,72,50.0,20500,-63.7,-78.7,11,0.02,315,22,492.9,493.1,493.0
00Z 09 Jan 2008,73,48.7,20662,-63.1,-78.1,12,0.02,294,20,498.1,498.2,498.1
00Z 09 Jan 2008,74,47.0,20880,-63.3,-78.3,11,0.02,265,17,502.7,502.8,502.7
00Z 09 Jan 2008,75,43.0,21425,-63.8,-78.8,11,0.02,345,18,514.3,514.5,514.3
00Z 09 Jan 2008,76,41.1,21702,-64.1,-79.1,11,0.02,311,14,520.4,520.5,520.4
00Z 09 Jan 2008,77,40.1,21854,-60.9,-76.9,10,0.03,292,11,532.0,532.3,532.0
00Z 09 Jan 2008,78,40.0,21870,-60.9,-76.9,10,0.03,290,11,532.4,532.6,532.4
00Z 09 Jan 2008,79,38.0,22188,-61.0,-77.0,10,0.03,310,25,540.0,540.2,540.0
00Z 09 Jan 2008,80,36.7,22404,-61.1,-77.1,10,0.03,320,19,545.2,545.4,545.2
00Z 09 Jan 2008,81,36.0,22525,-59.6,-76.5,9,0.03,325,15,552.0,552.2,552.0
00Z 09 Jan 2008,82,35.0,22701,-57.5,-75.5,8,0.04,328,14,562.0,562.3,562.0
00Z 09 Jan 2008,83,33.0,23071,-58.2,-76.2,8,0.04,335,13,569.7,570.0,569.7
00Z 09 Jan 2008,84,30.0,23670,-59.3,-77.3,8,0.03,335,10,582.4,582.7,582.4
00Z 09 Jan 2008,85,29.0,23882,-59.1,-77.2,8,0.04,320,15,588.5,588.8,588.5
00Z 09 Jan 2008,86,28.7,23947,-59.1,-77.1,8,0.04,NA,NA,590.4,590.7,590.4
00Z 30 Jan 2008,0,1000.0,206
00Z 30 Jan 2008,1,925.0,617
00Z 30 Jan 2008,2,800.0,20,-15.1,-23.1,50,0.75,0,0,275.0,277.3,275.2
00Z 30 Jan 2008,3,797.0,88,-15.4,-23.4,50,0.73,265,130,275.1,277.3,275.2
00Z 30 Jan 2008,4,729.0,1711,-21.5,-31.6,40,0.38,265,129,275.4,276.6,275.5
00Z 30 Jan 2008,5,700.0,2449,-24.3,-35.3,35,0.27,260,129,275.6,276.4,275.6
00Z 30 Jan 2008,6,546.0,7185,-28.3,-38.3,38,0.26,264,129,291.1,292.0,291.1
00Z 30 Jan 2008,7,510.0,8475,-28.1,-38.1,38,0.28,265,129,297.0,298.0,297.1
00Z 30 Jan 2008,8,500.0,8850,-28.3,-38.3,38,0.28,265,129,298.5,299.5,298.5
00Z 30 Jan 2008,9,489.0,8879,-28.3,-38.3,38,0.29,265,129,300.4,301.4,300.4
00Z 30 Jan 2008,10,447.0,8996,-28.1,-39.1,34,0.29,265,131,308.4,309.5,308.5
00Z 30 Jan 2008,11,443.0,9007,-28.1,-39.1,34,0.29,265,131,309.2,310.3,309.2
00Z 30 Jan 2008,12,400.0,9140,-28.7,-38.7,38,0.34,265,130,317.6,318.9,317.7
00Z 30 Jan 2008,13,300.0,9490,-31.5,-42.5,33,0.30,265,130,340.9,342.1,340.9
00Z 30 Jan 2008,14,250.0,9730,-33.5,-44.5,32,0.29,270,130,356.1,357.4,356.2
00Z 30 Jan 2008,15,200.0,10030,-35.9,-46.9,31,0.28,270,130,375.8,377.1,375.8
00Z 30 Jan 2008,16,163.0,11417,-45.3,-56.3,28,0.12,270,133,382.6,383.2,382.6
00Z 30 Jan 2008,17,150.0,11980,-49.1,-60.1,27,0.08,265,125,385.2,385.6,385.3
00Z 30 Jan 2008,18,148.0,12068,-49.5,-61.5,23,0.07,265,124,386.0,386.4,386.1
00Z 30 Jan 2008,19,103.0,14334,-68.3,-79.3,19,0.01,265,109,392.2,392.2,392.2
00Z 30 Jan 2008,20,100.0,14510,-68.7,-79.7,19,0.01,265,108,394.7,394.8,394.7
00Z 30 Jan 2008,21,89.8,15153,-69.9,-79.9,22,0.01,272,77,404.7,404.7,404.7
00Z 30 Jan 2008,22,86.0,15409,-70.7,-79.9,25,0.01,275,65,408.1,408.1,408.1
00Z 30 Jan 2008,23,85.1,15472,-70.9,-79.9,25,0.01,274,67,408.9,408.9,408.9
00Z 30 Jan 2008,24,75.0,16211,-76.1,-79.6,57,0.01,260,93,413.1,413.1,413.1
00Z 30 Jan 2008,25,74.6,16242,-76.3,-79.6,60,0.01,261,92,413.2,413.3,413.2
00Z 30 Jan 2008,26,70.0,16610,-75.1,-79.5,50,0.01,275,76,423.4,423.5,423.4
00Z 30 Jan 2008,27,62.1,17303,-74.5,-80.5,39,0.01,268,52,439.5,439.5,439.5
00Z 30 Jan 2008,28,59.0,17598,-77.0,-79.8,64,0.01,265,42,440.4,440.5,440.4
00Z 30 Jan 2008,29,58.6,17637,-77.3,-79.7,68,0.01,265,42,440.5,440.6,440.5
00Z 30 Jan 2008,30,51.0,18436,-75.4,-79.6,52,0.01,270,50,462.9,462.9,462.9
00Z 30 Jan 2008,31,50.0,18550,-75.1,-79.6,50,0.01,260,45,466.1,466.2,466.1
00Z 30 Jan 2008,32,49.0,18659,-75.1,-79.6,50,0.01,255,45,468.8,468.9,468.8
00Z 30 Jan 2008,33,48.4,18726,-75.1,-79.6,50,0.01,256,40,470.5,470.6,470.5
00Z 30 Jan 2008,34,47.0,18888,-71.6,-79.5,30,0.02,260,27,482.9,483.0,482.9
00Z 30 Jan 2008,35,46.2,18982,-69.5,-79.5,22,0.02,248,30,490.2,490.4,490.2
00Z 30 Jan 2008,36,44.0,19252,-70.9,-79.6,26,0.02,215,37,493.8,493.9,493.8
00Z 30 Jan 2008,37,42.7,19419,-71.7,-79.7,29,0.02,228,39,496.0,496.1,496.0
00Z 30 Jan 2008,38,41.0,19683,-50.6,-59.5,34,0.30,245,41,554.3,556.5,554.4
00Z 30 Jan 2008,39,40.0,19843,-37.8,-47.3,36,1.35,285,36,590.4,600.2,590.9
00Z 30 Jan 2008,40,38.0,20177,-11.2,-21.9,41,18.02,265,29,666.9,811.6,674.0
00Z 30 Jan 2008,41,37.5,20263,-4.3,-15.3,42,32.66,263,29,687.0,973.6,700.2
00Z 30 Jan 2008,42,35.0,20717,-45.7,-56.7,28,0.51,255,28,592.6,596.5,592.8
00Z 30 Jan 2008,43,33.8,20946,-66.7,-77.7,20,0.03,265,31,543.4,543.6,543.4
00Z 30 Jan 2008,44,32.0,21260,-63.9,-74.9,21,0.05,280,36,559.6,560.0,559.6
00Z 30 Jan 2008,45,30.0,21630,-60.5,-71.5,22,0.08,275,21,579.1,579.8,579.2
00Z 30 Jan 2008,46,29.9,21651,-60.5,-71.5,22,0.08,276,21,579.7,580.4,579.7
00Z 30 Jan 2008,47,28.0,22061,-59.5,-69.9,25,0.11,295,21,593.6,594.5,593.6
00Z 30 Jan 2008,48,26.7,22358,-58.7,-68.7,26,0.14,293,14,603.8,605.0,603.9
00Z 30 Jan 2008,49,25.0,22769,-60.0,-69.5,28,0.13,290,4,611.7,612.8,611.7
00Z 30 Jan 2008,50,23.3,23208,-61.3,-70.3,29,0.13,239,9,620.1,621.2,620.2
00Z 30 Jan 2008,51,23.0,NA,NA,NA,NA,NA,230,10
00Z 04 Jan 2010,0,1012.0,20,11.0,10.3,95,7.83,310,3,283.2,304.9,284.5
00Z 04 Jan 2010,1,1008.0,54,10.5,10.0,97,7.68,310,9,283.0,304.3,284.3
00Z 04 Jan 2010,2,1000.0,122,9.4,9.3,99,7.40,305,11,282.6,303.1,283.8
00Z 04 Jan 2010,3,986.0,238,8.7,8.7,100,7.19,305,10,283.0,303.0,284.2
00Z 04 Jan 2010,4,976.0,323,8.2,8.2,100,7.03,323,9,283.3,302.9,284.5
00Z 04 Jan 2010,5,973.0,348,8.2,8.2,100,7.06,328,8,283.6,303.2,284.8
00Z 04 Jan 2010,6,953.0,522,16.2,12.8,80,9.83,4,6,293.4,321.7,295.1
00Z 04 Jan 2010,7,949.0,558,15.8,12.8,82,9.88,11,6,293.3,321.7,295.1
00Z 04 Jan 2010,8,944.0,602,15.3,13.2,87,10.20,20,5,293.2,322.5,295.0
00Z 04 Jan 2010,9,941.0,629,15.0,13.4,90,10.39,20,5,293.2,323.1,295.0
00Z 04 Jan 2010,10,939.0,647,14.8,13.6,93,10.53,17,5,293.2,323.4,295.0
00Z 04 Jan 2010,11,925.0,774,14.0,11.7,86,9.42,355,5,293.6,320.8,295.3
00Z 04 Jan 2010,12,920.0,820,13.8,11.1,84,9.10,345,5,293.9,320.2,295.5
00Z 04 Jan 2010,13,916.0,856,13.8,10.9,83,9.01,337,5,294.2,320.4,295.8
00Z 04 Jan 2010,14,896.0,1042,15.1,0.3,36,4.38,295,5,297.4,310.7,298.2
00Z 04 Jan 2010,15,894.0,1061,15.2,-0.8,33,4.05,295,5,297.7,310.1,298.5
00Z 04 Jan 2010,16,883.0,1166,15.8,-6.1,22,2.76,295,7,299.4,308.1,299.9
00Z 04 Jan 2010,17,879.0,1204,16.0,-8.0,18,2.39,284,7,300.0,307.6,300.4
00Z 04 Jan 2010,18,875.0,1243,15.8,-9.2,17,2.19,274,6,300.2,307.2,300.6
00Z 04 Jan 2010,19,866.0,1330,15.3,-10.4,16,2.01,250,5,300.6,307.0,300.9
00Z 04 Jan 2010,20,854.0,1447,14.6,-12.1,15,1.79,270,7,301.1,306.8,301.4
00Z 04 Jan 2010,21,850.0,1487,14.4,-12.6,14,1.72,260,7,301.2,306.8,301.5
00Z 04 Jan 2010,22,837.0,1616,13.7,-13.6,14,1.61,260,6,301.8,307.0,302.1
00Z 04 Jan 2010,23,823.0,1757,12.8,-14.7,13,1.49,250,11,302.4,307.3,302.6
00Z 04 Jan 2010,24,802.0,1974,11.6,-16.4,13,1.33,261,14,303.3,307.7,303.5
00Z 04 Jan 2010,25,774.0,2270,11.0,-16.0,13,1.43,275,19,305.7,310.5,306.0
00Z 04 Jan 2010,26,758.0,2444,11.8,-15.2,14,1.56,284,22,308.4,313.6,308.7
00Z 04 Jan 2010,27,743.0,2611,11.4,-17.6,11,1.30,292,25,309.8,314.2,310.0
00Z 04 Jan 2010,28,719.0,2883,9.9,-22.6,8,0.87,305,29,311.0,314.1,311.1
00Z 04 Jan 2010,29,715.0,2930,9.6,-23.4,8,0.82,303,30,311.2,314.1,311.4
00Z 04 Jan 2010,30,700.0,3105,9.2,-10.8,23,2.41,295,32,312.6,320.7,313.1
00Z 04 Jan 2010,31,698.0,3129,9.4,-10.6,23,2.45,295,33,313.1,321.3,313.6
00Z 04 Jan 2010,32,688.0,3248,8.6,-0.4,53,5.43,295,36,313.5,330.9,314.6
00Z 04 Jan 2010,33,677.0,3381,7.5,0.1,60,5.75,295,39,313.8,332.1,314.8
00Z 04 Jan 2010,34,668.0,3491,6.6,0.6,66,6.02,292,38,313.9,333.1,315.1
00Z 04 Jan 2010,35,653.0,3678,5.6,-2.4,56,4.94,287,37,314.9,330.8,315.8
00Z 04 Jan 2010,36,647.0,3752,4.9,-2.6,58,4.89,285,36,314.9,330.8,315.9
00Z 04 Jan 2010,37,591.0,4483,-1.5,-5.1,76,4.45,285,28,315.7,330.2,316.6
00Z 04 Jan 2010,38,589.0,4510,-1.5,-5.3,75,4.40,285,28,316.0,330.3,316.8
00Z 04 Jan 2010,39,565.0,4842,-1.7,-7.7,64,3.81,277,31,319.6,332.2,320.3
00Z 04 Jan 2010,40,556.0,4970,-0.9,-12.9,40,2.56,274,32,322.0,330.8,322.5
00Z 04 Jan 2010,41,546.0,5114,-1.7,-18.7,26,1.61,270,34,322.7,328.4,323.0
00Z 04 Jan 2010,42,517.0,5546,-3.7,-26.3,15,0.87,260,38,325.4,328.6,325.5
00Z 04 Jan 2010,43,502.0,5778,-4.8,-30.4,11,0.61,245,44,326.8,329.1,326.9
00Z 04 Jan 2010,44,500.0,5810,-4.9,-30.9,11,0.58,250,45,327.0,329.2,327.1
00Z 04 Jan 2010,45,491.0,5952,-5.7,-31.7,11,0.55,248,33,327.7,329.8,327.8
00Z 04 Jan 2010,46,483.0,6081,-6.3,-32.3,11,0.53,246,23,328.5,330.6,328.6
00Z 04 Jan 2010,47,478.0,6160,-6.9,-32.5,11,0.52,245,16,328.7,330.7,328.8
00Z 04 Jan 2010,48,406.0,7409,-16.9,-35.9,18,0.44,254,64,331.5,333.3,331.6
00Z 04 Jan 2010,49,400.0,7520,-17.7,-36.7,17,0.41,255,68,331.9,333.5,332.0
00Z 04 Jan 2010,50,385.0,7805,-19.1,-38.1,17,0.37,255,69,333.7,335.2,333.8
00Z 04 Jan 2010,51,381.0,7883,-19.5,-35.5,23,0.49,255,69,334.2,336.1,334.3
00Z 04 Jan 2010,52,370.0,8099,-21.6,-31.4,41,0.75,255,70,334.3,337.2,334.4
00Z 04 Jan 2010,53,365.0,8200,-22.5,-29.5,53,0.91,253,71,334.3,337.8,334.5
00Z 04 Jan 2010,54,338.0,8758,-27.7,-33.7,57,0.66,243,74,334.6,337.2,334.8
00Z 04 Jan 2010,55,331.0,8909,-27.4,-36.5,42,0.51,240,75,337.1,339.1,337.2
00Z 04 Jan 2010,56,329.0,8952,-27.3,-37.3,38,0.47,240,75,337.8,339.7,337.9
00Z 04 Jan 2010,57,322.0,9107,-28.3,-41.3,28,0.32,242,76,338.5,339.8,338.5
00Z 04 Jan 2010,58,310.0,9378,-30.5,-46.5,19,0.19,245,78,339.1,339.9,339.1
00Z 04 Jan 2010,59,303.0,9540,-31.9,-47.9,19,0.17,248,75,339.3,340.0,339.4
00Z 04 Jan 2010,60,300.0,9610,-32.3,-48.3,19,0.16,250,74,339.7,340.4,339.8
00Z 04 Jan 2010,61,270.0,10332,-38.9,-52.0,24,0.12,260,73,340.5,341.1,340.6
00Z 04 Jan 2010,62,250.0,10860,-43.7,-54.7,29,0.09,255,69,341.0,341.4,341.0
00Z 04 Jan 2010,63,246.0,10950,-44.7,-55.7,28,0.08,249,69,341.0,341.4,341.1
00Z 04 Jan 2010,64,243.0,11018,-45.1,-55.4,31,0.09,245,69,341.6,341.9,341.6
00Z 04 Jan 2010,65,242.0,11041,-45.3,-55.3,32,0.09,245,69,341.7,342.1,341.8
00Z 04 Jan 2010,66,200.0,12330,54.6,53.0,93,NA,245,89,519.1,NA,519.1
00Z 04 Jan 2010,67,197.0,12442,34.4,30.9,82,182.46,245,93,489.1,2890.9,535.0
00Z 04 Jan 2010,68,190.0,12709,-14.1,-22.1,51,3.45,245,93,416.3,432.2,417.2
00Z 04 Jan 2010,69,184.0,12947,-57.1,-69.1,20,0.02,247,92,350.4,350.5,350.4
00Z 04 Jan 2010,70,150.0,14120,-67.1,-79.1,17,0.01,260,84,354.3,354.3,354.3
00Z 04 Jan 2010,71,145.0,14324,-69.1,-80.1,19,0.00,263,81,354.3,354.3,354.3
00Z 04 Jan 2010,72,135.0,14752,-69.2,-79.8,20,0.01,270,74,361.4,361.5,361.4
00Z 04 Jan 2010,73,131.0,14932,-69.2,-79.6,21,0.01,265,64,364.5,364.5,364.5
00Z 04 Jan 2010,74,127.0,15118,-69.2,-79.5,21,0.01,260,67,367.7,367.7,367.7
00Z 04 Jan 2010,75,122.0,15359,-69.3,-79.3,22,0.01,267,65,371.8,371.9,371.8
00Z 04 Jan 2010,76,111.0,15919,-72.8,-80.0,33,0.01,285,60,375.5,375.6,375.5
00Z 04 Jan 2010,77,110.0,15973,-73.1,-80.1,34,0.01,284,59,375.9,375.9,375.9
00Z 04 Jan 2010,78,100.0,16530,-75.1,-79.5,50,0.01,275,54,382.4,382.4,382.4
00Z 04 Jan 2010,79,95.0,16825,-76.5,-79.6,62,0.01,275,54,385.3,385.3,385.3
00Z 04 Jan 2010,80,94.0,16885,-76.8,-79.6,64,0.01,270,52,385.9,385.9,385.9
00Z 04 Jan 2010,81,86.0,17396,-79.2,-79.7,92,0.01,285,41,390.9,391.0,390.9
00Z 04 Jan 2010,82,85.7,17416,-79.3,-79.7,94,0.01,283,40,391.1,391.2,391.1
00Z 04 Jan 2010,83,83.0,17597,-79.6,-80.2,91,0.01,265,30,394.1,394.1,394.1
00Z 04 Jan 2010,84,82.0,17666,-79.7,-80.4,90,0.01,260,33,395.2,395.2,395.2
00Z 04 Jan 2010,85,72.0,18401,-81.0,-82.5,79,0.01,295,43,407.4,407.5,407.4
00Z 04 Jan 2010,86,70.0,18560,-81.3,-82.9,77,0.01,285,33,410.1,410.2,410.1
00Z 04 Jan 2010,87,69.0,18641,-81.2,-82.7,78,0.01,275,34,412.0,412.1,412.0
00Z 04 Jan 2010,88,67.7,18747,-81.1,-82.5,79,0.01,279,30,414.5,414.6,414.5
00Z 04 Jan 2010,89,66.0,18895,-79.7,-82.2,66,0.01,285,25,420.6,420.6,420.6
00Z 04 Jan 2010,90,64.0,19075,-78.0,-81.9,53,0.01,240,27,427.9,428.0,427.9
00Z 04 Jan 2010,91,56.0,19852,-70.7,-80.6,22,0.01,310,15,461.2,461.3,461.2
00Z 04 Jan 2010,92,55.0,19957,-69.8,-80.4,20,0.01,290,9,465.8,465.9,465.9
00Z 04 Jan 2010,93,52.2,20261,-66.9,-79.9,14,0.01,332,11,479.5,479.6,479.5
00Z 04 Jan 2010,94,52.0,20284,-66.9,-79.8,15,0.01,335,11,479.9,480.0,479.9
00Z 04 Jan 2010,95,50.0,20520,-67.3,-79.3,17,0.01,330,10,484.5,484.6,484.5
00Z 04 Jan 2010,96,46.0,21033,-65.7,-77.9,17,0.02,0,8,499.9,500.1,499.9
00Z 04 Jan 2010,97,44.0,21307,-64.9,-77.2,17,0.02,350,9,508.4,508.6,508.4
00Z 04 Jan 2010,98,42.0,21594,-64.0,-76.4,17,0.03,335,10,517.3,517.5,517.4
00Z 04 Jan 2010,99,31.0,23463,-58.3,-71.3,17,0.08,NA,NA,579.7,580.3,579.7
00Z 11 Jan 2010,0,1014.0,20,12.4,10.6,89,7.97,310,4,284.4,306.6,285.8
00Z 11 Jan 2010,1,1000.0,140,10.8,10.8,100,8.19,290,11,283.9,306.7,285.4
00Z 11 Jan 2010,2,925.0,787,14.2,1.2,41,4.53,325,9,293.8,307.3,294.6
00Z 11 Jan 2010,3,850.0,1496,12.2,-14.8,14,1.43,290,23,298.9,303.6,299.2
00Z 11 Jan 2010,4,700.0,3109,8.2,-16.8,15,1.47,280,39,311.5,316.6,311.8
00Z 11 Jan 2010,5,500.0,5810,-7.5,-32.5,12,0.50,275,55,323.8,325.7,323.9
00Z 11 Jan 2010,6,400.0,7520,-15.3,-32.3,22,0.64,270,72,335.0,337.5,335.1
00Z 11 Jan 2010,7,300.0,9630,-29.9,-50.9,11,0.12,260,73,343.1,343.6,343.1
00Z 11 Jan 2010,8,250.0,10900,-41.7,-59.7,12,0.05,270,69,343.9,344.2,343.9
00Z 11 Jan 2010,9,212.0,11994,-48.4,-64.9,13,0.03,275,79,350.2,350.3,350.2
00Z 11 Jan 2010,10,200.0,12380,-50.7,-66.7,13,0.02,265,64,352.3,352.4,352.3
00Z 11 Jan 2010,11,150.0,14190,-66.7,-79.7,14,0.00,270,56,355.0,355.0,355.0
00Z 11 Jan 2010,12,100.0,16560,-77.1,-79.5,69,0.01,260,38,378.5,378.6,378.5
00Z 10 Jan 2011,0,1009.0,20,10.0,9.3,95,7.33,0,0,282.4,302.8,283.7
00Z 10 Jan 2011,1,1005.0,57,9.4,9.1,98,7.28,345,40,282.2,302.3,283.4
00Z 10 Jan 2011,2,1002.0,85,9.0,9.0,100,7.24,306,26,282.0,302.0,283.2
00Z 10 Jan 2011,3,1000.0,104,8.8,8.8,100,7.15,280,16,281.9,301.8,283.2
00Z 10 Jan 2011,4,998.0,120,8.8,8.8,100,7.17,288,18,282.1,302.0,283.3
00Z 10 Jan 2011,5,992.0,170,9.4,9.4,100,7.51,311,26,283.2,304.1,284.5
00Z 10 Jan 2011,6,991.0,178,9.5,9.2,98,7.44,315,27,283.4,304.1,284.6
00Z 10 Jan 2011,7,988.0,203,9.8,8.8,93,7.24,316,25,283.9,304.1,285.2
00Z 10 Jan 2011,8,976.0,305,14.8,8.8,67,7.33,321,18,290.0,311.0,291.2
00Z 10 Jan 2011,9,966.0,391,16.0,11.1,73,8.66,325,12,292.0,316.9,293.6
00Z 10 Jan 2011,10,965.0,400,15.9,11.0,72,8.60,325,11,292.0,316.8,293.6
00Z 10 Jan 2011,11,925.0,754,13.0,6.0,62,6.38,305,4,292.6,311.2,293.7
00Z 10 Jan 2011,12,912.0,872,11.7,5.3,65,6.18,345,8,292.4,310.5,293.5
00Z 10 Jan 2011,13,905.0,937,11.0,5.0,66,6.08,340,7,292.4,310.1,293.4
00Z 10 Jan 2011,14,890.0,1076,12.6,-1.9,37,3.76,280,10,295.4,306.8,296.1
00Z 10 Jan 2011,15,882.0,1152,13.4,-5.6,26,2.87,282,10,297.0,305.9,297.5
00Z 10 Jan 2011,16,876.0,1209,13.6,-10.4,18,1.99,283,10,297.8,304.1,298.2
00Z 10 Jan 2011,17,873.0,1238,13.6,-11.4,16,1.84,284,10,298.1,304.0,298.4
00Z 10 Jan 2011,18,857.0,1392,13.4,-16.6,11,1.22,288,11,299.5,303.5,299.7
00Z 10 Jan 2011,19,850.0,1461,12.8,-18.2,10,1.08,290,11,299.5,303.1,299.7
00Z 10 Jan 2011,20,839.0,1570,12.1,-19.5,9,0.98,300,11,299.9,303.2,300.1
00Z 10 Jan 2011,21,831.0,1650,11.6,-20.4,9,0.91,300,13,300.2,303.3,300.4
00Z 10 Jan 2011,22,798.0,1984,9.0,-18.9,12,1.08,300,21,300.9,304.5,301.1
00Z 10 Jan 2011,23,781.0,2161,7.6,-18.1,14,1.18,300,16,301.3,305.2,301.5
00Z 10 Jan 2011,24,745.0,2550,4.6,-16.4,20,1.43,289,12,302.1,306.8,302.4
00Z 10 Jan 2011,25,731.0,2704,3.4,-17.6,20,1.32,285,11,302.5,306.9,302.7
00Z 10 Jan 2011,26,726.0,2760,3.0,-18.0,20,1.28,281,14,302.6,306.9,302.8
00Z 10 Jan 2011,27,714.0,2894,2.6,-19.4,18,1.16,273,21,303.6,307.5,303.8
00Z 10 Jan 2011,28,710.0,2940,4.4,-20.6,14,1.05,270,23,306.1,309.7,306.3
00Z 10 Jan 2011,29,700.0,3055,3.6,-25.4,10,0.70,270,23,306.4,308.9,306.6
00Z 10 Jan 2011,30,699.0,3067,3.6,-25.4,10,0.70,270,23,306.6,309.0,306.7
00Z 10 Jan 2011,31,683.0,3254,2.4,-27.6,9,0.58,265,25,307.3,309.3,307.4
00Z 10 Jan 2011,32,649.0,3661,-0.8,-30.3,9,0.48,255,29,308.1,309.9,308.2
00Z 10 Jan 2011,33,624.0,3974,-3.3,-32.3,9,0.41,266,36,308.8,310.3,308.9
00Z 10 Jan 2011,34,615.0,4087,-4.3,-31.9,10,0.43,270,38,308.9,310.5,309.0
00Z 10 Jan 2011,35,591.0,4396,-7.0,-30.9,13,0.50,255,44,309.3,311.1,309.4
00Z 10 Jan 2011,36,543.0,5052,-12.7,-28.7,25,0.66,248,44,310.1,312.4,310.2
00Z 10 Jan 2011,37,527.0,5281,-12.1,-34.1,14,0.41,245,44,313.5,315.0,313.6
00Z 10 Jan 2011,38,526.0,5295,-12.2,-34.3,14,0.40,245,44,313.5,315.0,313.6
00Z 10 Jan 2011,39,500.0,5680,-14.7,-40.7,9,0.22,250,47,315.1,315.9,315.1
00Z 10 Jan 2011,40,495.0,5756,-15.2,-41.2,9,0.21,250,47,315.4,316.2,315.4
00Z 10 Jan 2011,41,490.0,5833,-15.7,-41.7,9,0.20,255,46,315.6,316.4,315.7
00Z 10 Jan 2011,42,476.0,6051,-15.2,-42.9,7,0.18,260,45,318.9,319.6,319.0
00Z 10 Jan 2011,43,474.0,6083,-15.1,-43.1,7,0.18,261,46,319.4,320.1,319.4
00Z 10 Jan 2011,44,465.0,6228,-15.7,-44.7,6,0.15,265,49,320.4,321.0,320.4
00Z 10 Jan 2011,45,442.0,6610,-15.9,-45.9,6,0.14,277,57,324.8,325.4,324.9
00Z 10 Jan 2011,46,418.0,7030,-17.0,-47.0,6,0.13,290,66,328.7,329.2,328.7
00Z 10 Jan 2011,47,415.0,7084,-17.1,-47.1,5,0.13,292,69,329.2,329.8,329.2
00Z 10 Jan 2011,48,404.0,7285,-16.9,-47.7,5,0.13,300,80,331.9,332.5,331.9
00Z 10 Jan 2011,49,400.0,7360,-16.9,-47.9,5,0.13,300,84,332.9,333.5,333.0
00Z 10 Jan 2011,50,378.0,7785,-15.5,-47.5,5,0.14,295,102,340.2,340.8,340.2
00Z 10 Jan 2011,51,376.0,7825,-15.7,-47.5,5,0.14,295,104,340.5,341.1,340.5
00Z 10 Jan 2011,52,349.0,8384,-18.3,-48.3,5,0.14,288,101,344.3,344.9,344.3
00Z 10 Jan 2011,53,300.0,9490,-28.5,-56.5,5,0.06,275,94,345.1,345.4,345.1
00Z 10 Jan 2011,54,278.0,10025,-32.9,-59.7,5,0.04,265,88,346.3,346.5,346.3
00Z 10 Jan 2011,55,250.0,10770,-39.1,-64.1,5,0.03,265,97,347.8,347.9,347.8
00Z 10 Jan 2011,56,204.0,12128,-50.8,-73.0,5,0.01,250,101,350.2,350.3,350.2
00Z 10 Jan 2011,57,200.0,12260,-51.9,-73.9,5,0.01,255,101,350.4,350.5,350.4
00Z 10 Jan 2011,58,186.0,12720,-56.0,-76.9,6,0.01,255,103,351.2,351.2,351.2
00Z 10 Jan 2011,59,174.0,13144,-59.7,-79.7,6,0.00,253,100,351.8,351.8,351.8
00Z 10 Jan 2011,60,157.0,13781,-62.1,-80.1,7,0.00,250,96,358.2,358.2,358.2
00Z 10 Jan 2011,61,156.0,13820,-62.4,-80.0,8,0.00,250,96,358.3,358.3,358.3
00Z 10 Jan 2011,62,150.0,14060,-64.5,-79.5,11,0.00,255,94,358.8,358.8,358.8
00Z 10 Jan 2011,63,119.0,15441,-74.6,-79.5,46,0.01,275,92,364.8,364.9,364.8
00Z 10 Jan 2011,64,117.0,15542,-75.3,-79.5,52,0.01,276,90,365.2,365.3,365.2
00Z 10 Jan 2011,65,110.0,15899,-76.0,-79.6,57,0.01,280,82,370.4,370.4,370.4
00Z 10 Jan 2011,66,101.0,16392,-77.0,-79.7,65,0.01,265,69,377.7,377.7,377.7
00Z 10 Jan 2011,67,100.0,16450,-77.1,-79.7,66,0.01,265,68,378.5,378.6,378.5
00Z 10 Jan 2011,68,89.0,17110,-79.6,-82.0,67,0.01,280,56,386.4,386.4,386.4
00Z 10 Jan 2011,69,84.0,17438,-80.8,-83.2,68,0.00,270,49,390.3,390.4,390.3
00Z 10 Jan 2011,70,79.0,17785,-82.1,-84.4,68,0.00,282,48,394.6,394.6,394.6
00Z 10 Jan 2011,71,73.5,18190,-81.1,-82.4,81,0.01,296,48,404.9,404.9,404.9
00Z 10 Jan 2011,72,71.1,18380,-75.1,-79.6,50,0.01,302,47,421.5,421.6,421.5
00Z 10 Jan 2011,73,70.0,18470,-75.1,-79.7,49,0.01,305,47,423.4,423.5,423.4
00Z 10 Jan 2011,74,67.1,18715,-76.3,-79.6,60,0.01,291,38,425.9,426.0,425.9
00Z 10 Jan 2011,75,65.4,18863,-73.9,-79.9,39,0.01,282,32,434.3,434.4,434.3
00Z 10 Jan 2011,76,65.0,NA,NA,NA,NA,NA,280,31
00Z 16 Jan 2011,0,1010.0,20,14.0,13.3,96,9.59,0,0,286.3,313.1,288.0
00Z 16 Jan 2011,1,1000.0,102,14.8,14.8,100,10.69,105,12,287.9,317.9,289.8
00Z 16 Jan 2011,2,925.0,762,16.0,14.1,88,11.05,220,16,295.7,327.7,297.6
00Z 16 Jan 2011,3,850.0,1472,11.6,9.6,88,8.90,275,25,298.3,324.5,299.9
00Z 16 Jan 2011,4,700.0,3060,0.0,0.0,100,5.50,285,42,302.4,319.2,303.5
00Z 16 Jan 2011,5,500.0,5670,-17.7,-18.7,92,1.76,250,54,311.4,317.3,311.7
00Z 16 Jan 2011,6,400.0,7290,-30.5,-34.4,69,0.52,280,79,315.3,317.2,315.4
00Z 16 Jan 2011,7,300.0,9310,-35.7,-42.7,49,0.30,275,113,334.9,336.1,335.0
00Z 16 Jan 2011,8,250.0,10570,-39.3,-47.3,42,0.22,260,135,347.5,348.4,347.6
00Z 16 Jan 2011,9,200.0,12070,-50.3,-58.3,38,0.07,250,138,352.9,353.3,353.0
00Z 30 Jan 2011,0,1013.0,20,12.8,11.1,89,8.25,0,0,284.9,307.9,286.3
00Z 30 Jan 2011,1,1000.0,128,17.0,17.0,100,12.34,45,5,290.1,325.0,292.3
00Z 30 Jan 2011,2,925.0,791,15.4,8.4,63,7.53,310,4,295.1,317.1,296.4
00Z 30 Jan 2011,3,850.0,1499,11.6,-4.4,32,3.26,310,7,298.3,308.4,298.9
00Z 30 Jan 2011,4,700.0,3093,2.0,-0.7,82,5.22,290,32,304.7,320.8,305.6
00Z 30 Jan 2011,5,500.0,5730,-13.9,-20.9,55,1.45,260,41,316.0,321.1,316.3
00Z 30 Jan 2011,6,400.0,7380,-22.5,-37.5,24,0.38,255,69,325.7,327.1,325.7
00Z 30 Jan 2011,7,300.0,9480,-30.5,-48.5,16,0.16,255,115,342.3,342.9,342.3
00Z 30 Jan 2011,8,251.0,10722,-40.3,-57.3,14,0.07,255,118,345.6,345.9,345.7
00Z 30 Jan 2011,9,250.0,10750,-40.5,-57.5,14,0.06,255,117,345.7,346.0,345.7
00Z 30 Jan 2011,10,200.0,12220,-53.5,-69.5,12,0.02,260,115,347.9,348.0,347.9
00Z 30 Jan 2011,11,150.0,14030,-64.5,-78.5,13,0.01,270,96,358.8,358.8,358.8
00Z 30 Jan 2011,12,100.0,16440,-76.7,-79.5,64,0.01,260,83,379.3,379.3,379.3
00Z 14 Jan 2013,0,70.0,18560,-80.3,-80.8,92,0.01,250,35,412.3,412.3,412.3
00Z 14 Jan 2013,1,66.5,18849,-80.5,-81.4,86,0.01,253,33,417.9,418.0,417.9
00Z 14 Jan 2013,2,65.0,18981,-76.0,-80.7,48,0.01,255,32,430.4,430.4,430.4
00Z 14 Jan 2013,3,63.7,19097,-72.1,-80.1,29,0.01,242,27,441.6,441.6,441.6
00Z 14 Jan 2013,4,62.0,19258,-70.2,-79.8,23,0.01,225,21,449.2,449.2,449.2
00Z 14 Jan 2013,5,60.5,19403,-68.5,-79.5,19,0.01,277,14,456.1,456.2,456.1
00Z 14 Jan 2013,6,60.0,19454,-66.6,-79.2,15,0.01,295,11,461.5,461.6,461.5
00Z 14 Jan 2013,7,59.3,19525,-63.9,-78.9,11,0.01,305,11,469.1,469.1,469.1
00Z 14 Jan 2013,8,51.8,20360,-60.5,-75.5,12,0.03,66,13,495.4,495.6,495.5
00Z 14 Jan 2013,9,51.0,20457,-60.5,-75.5,12,0.03,80,13,497.7,497.9,497.7
00Z 14 Jan 2013,10,50.0,20580,-60.5,-75.5,12,0.03,70,16,500.5,500.7,500.5
00Z 14 Jan 2013,11,47.0,20963,-62.1,-76.4,13,0.03,75,30,505.6,505.8,505.6
00Z 14 Jan 2013,12,45.9,21110,-62.7,-76.7,14,0.02,78,28,507.6,507.7,507.6
00Z 14 Jan 2013,13,39.4,22059,-58.9,-73.9,13,0.04,94,19,539.8,540.1,539.8
00Z 14 Jan 2013,14,39.0,22123,-59.1,-74.0,13,0.04,95,18,540.8,541.2,540.9
00Z 14 Jan 2013,15,37.0,22451,-60.1,-74.7,13,0.04,115,18,546.4,546.7,546.4
00Z 14 Jan 2013,16,34.2,22941,-61.7,-75.7,14,0.04,106,16,554.7,555.0,554.7
00Z 14 Jan 2013,17,34.0,NA,NA,NA,NA,NA,105,16
00Z 02 Jan 2014,0,70.0,18590,-79.1,-79.7,91,0.01,285,40,414.8,414.9,414.9
00Z 02 Jan 2014,1,68.0,18758,-74.6,-79.9,44,0.01,300,31,428.0,428.1,428.0
00Z 02 Jan 2014,2,67.7,18783,-73.9,-79.9,39,0.01,297,29,430.1,430.1,430.1
00Z 02 Jan 2014,3,65.0,19021,-74.0,-80.0,39,0.01,265,15,434.8,434.8,434.8
00Z 02 Jan 2014,4,60.6,19431,-74.3,-80.3,39,0.01,273,24,443.0,443.1,443.0
00Z 02 Jan 2014,5,57.0,19794,-69.3,-79.9,20,0.01,280,31,462.1,462.2,462.1
00Z 02 Jan 2014,6,56.7,19825,-68.9,-79.9,19,0.01,281,31,463.8,463.8,463.8
00Z 02 Jan 2014,7,54.0,20118,-69.4,-79.8,21,0.01,290,28,469.2,469.3,469.2
00Z 02 Jan 2014,8,52.2,20321,-69.7,-79.7,22,0.01,272,25,473.0,473.1,473.0
00Z 02 Jan 2014,9,50.0,20580,-67.3,-79.3,17,0.01,250,21,484.5,484.6,484.5
00Z 02 Jan 2014,10,48.9,20715,-64.7,-79.7,11,0.01,270,20,493.7,493.8,493.7
00Z 02 Jan 2014,11,46.0,21092,-63.1,-78.4,11,0.02,325,17,506.3,506.5,506.3
00Z 02 Jan 2014,12,42.0,21654,-60.7,-76.4,11,0.03,340,16,525.6,525.9,525.6
00Z 02 Jan 2014,13,41.0,21803,-60.0,-75.9,11,0.03,315,11,530.9,531.1,530.9
00Z 02 Jan 2014,14,40.2,21924,-59.5,-75.5,11,0.03,325,9,535.2,535.4,535.2
00Z 02 Jan 2014,15,38.0,22281,-58.3,-74.5,11,0.04,355,3,546.9,547.2,546.9
00Z 02 Jan 2014,16,36.0,22624,-57.2,-73.5,11,0.05,335,6,558.4,558.8,558.4
00Z 02 Jan 2014,17,35.0,22803,-56.6,-73.0,11,0.06,325,14,564.4,564.9,564.5
00Z 02 Jan 2014,18,33.0,23176,-55.3,-72.0,11,0.07,290,3,577.3,577.9,577.3
00Z 02 Jan 2014,19,30.0,23780,-53.3,-70.3,11,0.10,95,4,598.7,599.5,598.8
00Z 02 Jan 2014,20,29.0,24000,-52.7,-69.9,11,0.11,95,8,606.2,607.1,606.2
00Z 02 Jan 2014,21,28.0,24228,-52.1,-69.4,11,0.12,110,5,614.0,615.0,614.0
00Z 02 Jan 2014,22,27.0,24464,-51.5,-69.0,11,0.13,90,5,622.2,623.3,622.2
00Z 02 Jan 2014,23,26.0,24709,-50.8,-68.5,10,0.15,10,3,630.8,632.1,630.9
00Z 02 Jan 2014,24,24.4,25121,-49.7,-67.7,10,0.17,42,7,645.5,647.1,645.6
00Z 02 Jan 2014,25,24.0,25228,-49.8,-67.8,10,0.17,50,8,648.2,649.8,648.3
00Z 02 Jan 2014,26,23.0,25506,-50.2,-68.2,10,0.17,100,6,655.1,656.6,655.2
00Z 02 Jan 2014,27,21.0,26099,-50.9,-68.9,10,0.17,55,8,670.1,671.6,670.1
00Z 02 Jan 2014,28,20.6,26225,-51.1,-69.1,10,0.17,NA,NA,673.3,674.9,673.4
00Z 04 Jan 2014,0,1014.0,20,11.4,9.9,90,7.60,0,0,283.4,304.6,284.7
00Z 04 Jan 2014,1,1000.0,137,12.6,11.9,96,8.82,330,18,285.8,310.4,287.3
00Z 04 Jan 2014,2,925.0,791,12.2,9.1,81,7.90,120,4,291.8,314.5,293.2
00Z 04 Jan 2014,3,850.0,1496,11.0,0.0,47,4.52,310,7,297.7,311.4,298.5
00Z 04 Jan 2014,4,700.0,3104,6.2,-22.8,10,0.88,285,22,309.3,312.4,309.5
00Z 04 Jan 2014,5,500.0,5810,-4.3,-34.3,8,0.42,250,36,327.7,329.4,327.8
00Z 04 Jan 2014,6,400.0,7520,-18.1,-43.1,9,0.21,265,50,331.4,332.2,331.4
00Z 04 Jan 2014,7,300.0,9600,-31.1,-54.1,9,0.08,270,68,341.4,341.8,341.4
00Z 04 Jan 2014,8,250.0,10870,-40.5,-61.5,9,0.04,260,72,345.7,345.9,345.7
00Z 04 Jan 2014,9,230.0,11423,-44.5,-64.7,9,0.03,270,80,348.0,348.2,348.0
00Z 04 Jan 2014,10,200.0,12350,-51.1,-70.1,9,0.02,265,72,351.7,351.8,351.7
00Z 04 Jan 2014,11,150.0,14160,-64.7,-79.7,11,0.00,240,53,358.4,358.5,358.4
00Z 04 Jan 2014,12,100.0,16560,-78.3,-79.7,80,0.01,230,37,376.2,376.2,376.2
00Z 08 Jan 2014,0,1015.0,20,11.0,10.6,97,7.96,310,2,282.9,305.0,284.3
00Z 08 Jan 2014,1,1000.0,147,10.2,10.2,100,7.87,0,10,283.4,305.2,284.7
00Z 08 Jan 2014,2,925.0,799,12.6,-4.4,30,3.00,335,10,292.2,301.2,292.7
00Z 08 Jan 2014,3,850.0,1502,9.4,-16.6,14,1.23,320,17,296.0,300.0,296.2
00Z 08 Jan 2014,4,700.0,3093,4.8,-20.2,14,1.10,285,30,307.8,311.5,308.0
00Z 08 Jan 2014,5,500.0,5750,-13.7,-22.7,47,1.24,280,37,316.3,320.6,316.5
00Z 08 Jan 2014,6,400.0,7430,-20.3,-43.3,11,0.21,260,60,328.5,329.4,328.6
00Z 08 Jan 2014,7,300.0,9530,-29.1,-50.1,11,0.13,255,98,344.2,344.8,344.3
00Z 08 Jan 2014,8,259.0,10562,-37.6,-57.0,11,0.07,260,103,346.4,346.7,346.5
00Z 08 Jan 2014,9,250.0,10810,-39.7,-58.7,11,0.06,260,101,346.9,347.2,346.9
00Z 08 Jan 2014,10,200.0,12280,-53.9,-69.9,12,0.02,260,94,347.2,347.3,347.3
00Z 08 Jan 2014,11,150.0,14070,-66.1,-79.1,15,0.01,260,99,356.0,356.1,356.0
00Z 08 Jan 2014,12,100.0,16480,-76.9,-79.5,66,0.01,260,78,378.9,378.9,378.9
00Z 14 Jan 2014,0,1012.0,20,15.4,14.4,94,10.29,310,6,287.6,316.4,289.4
00Z 14 Jan 2014,1,1000.0,123,13.2,13.2,100,9.62,320,13,286.4,313.2,288.0
00Z 14 Jan 2014,2,925.0,779,15.6,13.2,86,10.41,25,14,295.2,325.4,297.1
00Z 14 Jan 2014,3,850.0,1491,11.2,7.2,76,7.55,35,2,297.9,320.2,299.2
00Z 14 Jan 2014,4,700.0,3092,8.6,-15.4,17,1.66,295,32,312.0,317.6,312.3
00Z 14 Jan 2014,5,500.0,5790,-7.5,-28.5,17,0.73,285,58,323.8,326.6,324.0
00Z 14 Jan 2014,6,400.0,7490,-19.9,-36.9,21,0.41,285,70,329.0,330.6,329.1
00Z 14 Jan 2014,7,300.0,9570,-33.3,-44.3,32,0.25,270,82,338.3,339.4,338.4
00Z 14 Jan 2014,8,250.0,10820,-44.5,-51.5,45,0.13,280,88,339.8,340.4,339.8
00Z 14 Jan 2014,9,221.0,11627,-49.5,-58.1,36,0.07,265,95,344.3,344.6,344.3
00Z 14 Jan 2014,10,200.0,12280,-53.5,-63.5,28,0.04,270,87,347.9,348.1,347.9
00Z 14 Jan 2014,11,150.0,14070,-68.3,-77.3,26,0.01,265,88,352.2,352.3,352.2
00Z 14 Jan 2014,12,100.0,16460,-78.3,-79.7,80,0.01,260,64,376.2,376.2,376.2
00Z 16 Jan 2015,0,1011.0,20,13.6,11.9,89,8.72,0,0,285.9,310.2,287.4
00Z 16 Jan 2015,1,1000.0,111,14.8,14.6,99,10.55,335,2,287.9,317.5,289.8
00Z 16 Jan 2015,2,925.0,779,17.2,10.2,63,8.51,40,6,296.9,321.9,298.4
00Z 16 Jan 2015,3,850.0,1489,10.4,7.9,84,7.92,30,9,297.0,320.4,298.4
00Z 16 Jan 2015,4,700.0,3091,4.2,-25.8,9,0.67,240,13,307.1,309.5,307.2
00Z 16 Jan 2015,5,500.0,5730,-13.3,-45.3,5,0.13,245,33,316.8,317.3,316.8
00Z 16 Jan 2015,6,400.0,7390,-25.5,-50.5,8,0.09,250,42,321.8,322.1,321.8
00Z 16 Jan 2015,7,300.0,9400,-41.5,-57.5,16,0.05,250,60,326.8,327.0,326.8
00Z 16 Jan 2015,8,250.0,10620,-48.1,-64.1,14,0.03,255,85,334.4,334.6,334.4
00Z 16 Jan 2015,9,200.0,12070,-54.7,-69.7,14,0.02,255,102,346.0,346.1,346.0
00Z 16 Jan 2015,10,163.0,13357,-60.0,-75.7,11,0.01,265,110,358.0,358.0,358.0
00Z 16 Jan 2015,11,150.0,13880,-62.1,-78.1,10,0.01,265,104,362.9,362.9,362.9
00Z 16 Jan 2015,12,100.0,16350,-67.1,-80.1,14,0.01,265,72,397.8,397.9,397.8
00Z 02 Jan 2016,0,1016.0,20,14.8,14.0,95,9.98,0,0,286.6,314.5,288.4
00Z 02 Jan 2016,1,1000.0,150,19.0,13.0,68,9.49,355,8,292.1,319.4,293.8
00Z 02 Jan 2016,2,925.0,818,16.0,8.0,59,7.32,25,7,295.7,317.2,297.0
00Z 02 Jan 2016,3,850.0,1530,11.2,0.2,47,4.59,90,5,297.9,311.8,298.7
00Z 02 Jan 2016,4,700.0,3135,5.0,-21.0,13,1.03,255,6,308.0,311.5,308.2
00Z 02 Jan 2016,5,500.0,5780,-13.1,-48.1,4,0.10,280,23,317.0,317.4,317.0
00Z 02 Jan 2016,6,400.0,7430,-26.9,-37.9,35,0.37,265,35,319.9,321.3,320.0
00Z 02 Jan 2016,7,300.0,9450,-39.3,-65.3,5,0.02,280,54,329.9,329.9,329.9
00Z 02 Jan 2016,8,250.0,10670,-48.7,-65.7,12,0.02,270,54,333.5,333.6,333.5
00Z 02 Jan 2016,9,200.0,12110,-54.9,-75.9,6,0.01,275,63,345.7,345.7,345.7
00Z 02 Jan 2016,10,162.0,13436,-60.0,-84.7,3,0.00,265,79,358.5,358.5,358.5
00Z 02 Jan 2016,11,150.0,13920,-61.9,-87.9,2,0.00,265,77,363.2,363.2,363.2
00Z 02 Jan 2016,12,126.0,14983,-67.1,-89.1,3,0.00,275,67,372.4,372.4,372.4
00Z 02 Jan 2016,13,100.0,16370,-68.7,-89.7,3,0.00,275,67,394.7,394.7,394.7
00Z 06 Jan 2016,0,1014.0,20,14.4,12.6,89,9.11,0,0,286.4,311.9,288.0
00Z 06 Jan 2016,1,1000.0,140,18.8,8.8,52,7.15,335,9,291.9,312.7,293.2
00Z 06 Jan 2016,2,925.0,806,14.4,9.4,72,8.06,0,4,294.0,317.5,295.5
00Z 06 Jan 2016,3,850.0,1514,8.8,4.3,73,6.16,95,4,295.4,313.6,296.4
00Z 06 Jan 2016,4,700.0,3101,1.2,-10.8,40,2.41,300,27,303.8,311.5,304.2
00Z 06 Jan 2016,5,500.0,5750,-10.9,-42.9,5,0.17,300,35,319.7,320.4,319.7
00Z 06 Jan 2016,6,400.0,7410,-25.3,-44.3,15,0.19,290,52,322.0,322.8,322.1
00Z 06 Jan 2016,7,300.0,9430,-39.5,-62.5,7,0.03,275,73,329.6,329.7,329.6
00Z 06 Jan 2016,8,250.0,10660,-46.7,-64.7,11,0.03,280,90,336.5,336.6,336.5
00Z 06 Jan 2016,9,200.0,12120,-51.3,-82.3,1,0.00,275,95,351.4,351.4,351.4
00Z 06 Jan 2016,10,150.0,13960,-58.5,-89.5,1,0.00,275,86,369.1,369.1,369.1
00Z 06 Jan 2016,11,120.0,15325,-66.2,-90.6,2,0.00,285,99,379.3,379.3,379.3
00Z 06 Jan 2016,12,100.0,16440,-72.5,-91.5,4,0.00,290,88,387.4,387.4,387.4
00Z 08 Jan 2016,0,1014.0,20,14.0,13.1,94,9.42,0,0,286.0,312.3,287.6
00Z 08 Jan 2016,1,1000.0,140,19.0,10.0,56,7.76,200,3,292.1,314.6,293.5
00Z 08 Jan 2016,2,925.0,807,15.6,6.6,55,6.65,275,7,295.2,314.8,296.4
00Z 08 Jan 2016,3,850.0,1520,11.8,0.8,47,4.79,300,19,298.5,313.0,299.4
00Z 08 Jan 2016,4,700.0,3105,-0.3,-15.3,31,1.67,300,27,302.1,307.6,302.4
00Z 08 Jan 2016,5,500.0,5750,-11.9,-31.9,17,0.53,265,59,318.5,320.4,318.6
00Z 08 Jan 2016,6,400.0,7410,-26.1,-37.1,35,0.40,260,80,321.0,322.5,321.1
00Z 08 Jan 2016,7,300.0,9460,-35.9,-60.9,6,0.04,270,109,334.7,334.8,334.7
00Z 08 Jan 2016,8,250.0,10700,-45.5,-53.5,40,0.11,270,141,338.3,338.7,338.3
00Z 08 Jan 2016,9,200.0,12150,-53.5,-69.5,12,0.02,270,140,347.9,348.0,347.9
00Z 08 Jan 2016,10,192.0,12407,-54.8,-71.3,11,0.01,270,141,349.8,349.9,349.8
00Z 08 Jan 2016,11,150.0,13960,-62.9,-81.9,6,0.00,270,108,361.5,361.5,361.5
00Z 08 Jan 2016,12,100.0,16410,-69.3,-88.3,5,0.00,255,88,393.6,393.6,393.6
00Z 18 Jan 2016,0,1012.0,20,13.0,12.1,94,8.83,0,0,285.2,309.8,286.7
00Z 18 Jan 2016,1,1006.0,68,16.8,11.8,72,8.71,345,4,289.4,314.2,291.0
00Z 18 Jan 2016,2,1000.0,116,17.4,11.4,68,8.53,330,8,290.6,314.9,292.0
00Z 18 Jan 2016,3,999.0,125,17.6,11.6,68,8.65,330,8,290.8,315.6,292.4
00Z 18 Jan 2016,4,998.0,133,17.6,11.6,68,8.66,331,8,290.9,315.7,292.4
00Z 18 Jan 2016,5,980.0,288,16.6,11.1,70,8.53,335,10,291.5,315.9,293.0
00Z 18 Jan 2016,6,946.0,589,14.8,10.1,73,8.26,354,10,292.6,316.4,294.0
00Z 18 Jan 2016,7,944.0,607,14.8,9.6,71,8.00,355,10,292.7,315.8,294.1
00Z 18 Jan 2016,8,925.0,779,14.6,4.6,51,5.78,350,7,294.2,311.3,295.3
00Z 18 Jan 2016,9,887.0,1132,13.0,-9.6,20,2.09,305,16,296.2,302.7,296.5
00Z 18 Jan 2016,10,886.0,1142,13.0,-10.0,19,2.03,305,16,296.2,302.6,296.6
00Z 18 Jan 2016,11,850.0,1488,10.8,-14.2,16,1.51,305,21,297.4,302.3,297.7
00Z 18 Jan 2016,12,814.0,1847,8.9,-22.0,9,0.81,315,19,299.1,301.8,299.2
00Z 18 Jan 2016,13,813.0,1857,8.8,-22.2,9,0.80,315,19,299.1,301.8,299.3
00Z 18 Jan 2016,14,739.0,2638,3.7,-18.4,18,1.21,300,32,301.8,305.8,302.0
00Z 18 Jan 2016,15,738.0,2649,3.6,-18.4,18,1.22,299,32,301.9,305.9,302.1
00Z 18 Jan 2016,16,723.0,2815,3.3,-22.5,13,0.87,290,31,303.3,306.3,303.5
00Z 18 Jan 2016,17,707.0,2997,3.0,-27.0,9,0.60,293,30,304.9,307.0,305.0
00Z 18 Jan 2016,18,700.0,3077,2.6,-25.4,11,0.70,295,29,305.3,307.8,305.5
00Z 18 Jan 2016,19,623.0,4008,-3.1,-33.1,8,0.38,292,33,309.1,310.5,309.2
00Z 18 Jan 2016,20,619.0,4059,-3.1,-21.1,23,1.15,292,33,309.7,313.7,309.9
00Z 18 Jan 2016,21,605.0,4240,-4.7,-13.7,49,2.21,291,33,309.9,317.2,310.3
00Z 18 Jan 2016,22,573.0,4660,-8.2,-14.9,59,2.11,290,35,310.7,317.7,311.1
00Z 18 Jan 2016,23,530.0,5263,-13.2,-16.6,76,1.99,260,33,311.7,318.3,312.1
00Z 18 Jan 2016,24,524.0,5351,-13.9,-16.8,79,1.97,263,33,311.8,318.4,312.2
00Z 18 Jan 2016,25,523.0,5366,-13.9,-17.2,76,1.91,263,33,312.0,318.4,312.4
00Z 18 Jan 2016,26,517.0,5454,-11.5,-40.5,7,0.22,266,34,315.9,316.8,316.0
00Z 18 Jan 2016,27,514.0,5498,-10.9,-47.9,3,0.10,268,34,317.2,317.6,317.2
00Z 18 Jan 2016,28,510.0,5558,-11.1,-51.1,2,0.07,270,34,317.6,317.9,317.6
00Z 18 Jan 2016,29,500.0,5710,-11.9,-50.9,2,0.07,270,37,318.5,318.8,318.5
00Z 18 Jan 2016,30,437.0,6731,-15.6,-46.9,5,0.13,270,61,326.3,326.8,326.3
00Z 18 Jan 2016,31,420.0,7032,-16.7,-45.7,6,0.15,267,78,328.6,329.2,328.6
00Z 18 Jan 2016,32,409.0,7232,-14.7,-49.7,3,0.10,266,89,333.7,334.1,333.7
00Z 18 Jan 2016,33,404.0,7325,-15.2,-49.7,4,0.10,265,94,334.1,334.6,334.1
00Z 18 Jan 2016,34,400.0,7400,-15.7,-49.7,4,0.10,265,95,334.5,334.9,334.5
00Z 18 Jan 2016,35,372.0,7947,-17.1,-61.1,1,0.03,266,101,339.6,339.8,339.6
00Z 18 Jan 2016,36,306.0,9375,-29.4,-51.7,10,0.11,270,117,341.8,342.3,341.8
00Z 18 Jan 2016,37,300.0,9520,-30.7,-50.7,12,0.12,270,117,342.0,342.5,342.0
00Z 18 Jan 2016,38,250.0,10780,-40.7,-59.7,11,0.05,265,107,345.4,345.6,345.4
00Z 18 Jan 2016,39,211.0,11913,-51.3,-61.3,29,0.05,269,108,346.0,346.3,346.1
00Z 18 Jan 2016,40,209.0,11975,-51.9,-62.9,25,0.04,269,108,346.0,346.2,346.1
00Z 18 Jan 2016,41,200.0,12260,-53.5,-67.5,17,0.02,270,108,347.9,348.0,347.9
00Z 18 Jan 2016,42,199.0,12292,-53.7,-67.7,16,0.02,270,109,348.1,348.2,348.1
00Z 18 Jan 2016,43,170.0,13285,-59.7,-74.5,13,0.01,275,95,354.1,354.2,354.1
00Z 18 Jan 2016,44,163.0,13550,-61.3,-76.3,12,0.01,270,87,355.7,355.8,355.7
00Z 18 Jan 2016,45,150.0,14060,-65.5,-79.5,13,0.00,255,89,357.1,357.1,357.1
00Z 18 Jan 2016,46,142.0,14387,-67.9,-80.9,14,0.00,255,92,358.6,358.6,358.6
00Z 18 Jan 2016,47,127.0,15052,-72.7,-83.7,18,0.00,265,94,361.5,361.5,361.5
00Z 18 Jan 2016,48,116.0,15583,-72.1,-85.1,13,0.00,265,74,372.1,372.1,372.1
00Z 18 Jan 2016,49,115.0,15633,-72.5,-85.6,12,0.00,265,72,372.2,372.2,372.2
00Z 18 Jan 2016,50,100.0,16440,-78.9,-93.9,7,0.00,270,84,375.0,375.0,375.0
00Z 20 Jan 2016,0,1012.0,20,15.0,14.5,97,10.36,0,0,287.2,316.1,289.0
00Z 20 Jan 2016,1,1007.0,62,14.8,10.6,76,8.03,34,6,287.4,310.1,288.8
00Z 20 Jan 2016,2,1006.0,70,14.6,10.6,77,8.03,41,8,287.3,309.9,288.6
00Z 20 Jan 2016,3,1004.0,87,14.4,10.3,76,7.88,55,10,287.2,309.4,288.6
00Z 20 Jan 2016,4,1001.0,112,14.0,9.8,76,7.65,55,12,287.1,308.7,288.4
00Z 20 Jan 2016,5,1000.0,120,14.2,9.3,72,7.40,55,13,287.4,308.3,288.6
00Z 20 Jan 2016,6,985.0,248,14.8,8.6,66,7.17,50,18,289.2,309.7,290.5
00Z 20 Jan 2016,7,976.0,326,15.2,8.2,63,7.03,52,15,290.4,310.6,291.6
00Z 20 Jan 2016,8,975.0,334,15.4,8.4,63,7.14,52,15,290.6,311.2,291.9
00Z 20 Jan 2016,9,958.0,483,14.7,8.3,66,7.23,55,10,291.4,312.2,292.6
00Z 20 Jan 2016,10,926.0,770,13.2,8.2,71,7.42,155,2,292.8,314.3,294.1
00Z 20 Jan 2016,11,925.0,779,13.2,8.2,72,7.43,165,3,292.8,314.3,294.1
00Z 20 Jan 2016,12,906.0,953,12.9,8.3,73,7.62,220,10,294.2,316.5,295.6
00Z 20 Jan 2016,13,872.0,1275,12.4,8.4,77,7.99,244,20,296.9,320.5,298.4
00Z 20 Jan 2016,14,864.0,1352,11.8,8.2,78,7.95,250,23,297.1,320.5,298.6
00Z 20 Jan 2016,15,850.0,1489,10.8,7.8,82,7.87,255,24,297.4,320.7,298.9
00Z 20 Jan 2016,16,828.0,1704,9.5,6.5,81,7.36,260,24,298.3,320.2,299.6
00Z 20 Jan 2016,17,753.0,2483,4.8,1.6,80,5.75,265,34,301.4,318.9,302.5
00Z 20 Jan 2016,18,700.0,3082,1.2,-2.1,79,4.71,255,29,303.8,318.4,304.6
00Z 20 Jan 2016,19,636.0,3848,-3.1,-4.3,91,4.39,247,34,307.3,321.2,308.1
00Z 20 Jan 2016,20,613.0,4138,-5.5,-7.0,89,3.71,245,36,307.8,319.6,308.5
00Z 20 Jan 2016,21,604.0,4254,-6.1,-8.5,83,3.35,243,37,308.4,319.2,309.1
00Z 20 Jan 2016,22,594.0,4384,-8.7,-15.7,57,1.90,242,38,306.9,313.1,307.2
00Z 20 Jan 2016,23,588.0,4463,-8.7,-20.7,37,1.26,241,38,307.8,312.0,308.0
00Z 20 Jan 2016,24,584.0,4515,-7.9,-15.9,53,1.91,241,38,309.3,315.6,309.7
00Z 20 Jan 2016,25,583.0,4529,-7.9,-15.9,53,1.91,241,39,309.5,315.8,309.8
00Z 20 Jan 2016,26,578.0,4595,-8.2,-16.2,53,1.87,240,39,309.8,316.1,310.2
00Z 20 Jan 2016,27,540.0,5120,-11.0,-19.0,52,1.59,245,41,312.6,318.1,312.9
00Z 20 Jan 2016,28,533.0,5221,-11.5,-19.5,52,1.54,247,43,313.2,318.4,313.5
00Z 20 Jan 2016,29,525.0,5336,-11.3,-20.3,47,1.46,249,45,314.8,319.8,315.1
00Z 20 Jan 2016,30,518.0,5439,-10.9,-16.9,61,1.98,250,47,316.5,323.2,316.9
00Z 20 Jan 2016,31,500.0,5710,-13.1,-18.0,67,1.87,255,52,317.0,323.4,317.4
00Z 20 Jan 2016,32,462.0,6308,-18.2,-21.2,77,1.53,255,58,317.9,323.2,318.2
00Z 20 Jan 2016,33,460.0,6341,-18.5,-21.4,78,1.51,255,60,317.9,323.2,318.2
00Z 20 Jan 2016,34,459.0,6357,-18.5,-21.4,78,1.52,255,61,318.1,323.4,318.4
00Z 20 Jan 2016,35,444.0,6605,-18.7,-23.7,65,1.28,257,77,320.9,325.4,321.1
00Z 20 Jan 2016,36,428.0,6881,-16.1,-35.1,18,0.45,259,94,327.6,329.3,327.7
00Z 20 Jan 2016,37,425.0,6934,-16.1,-36.1,16,0.41,259,97,328.2,329.9,328.3
00Z 20 Jan 2016,38,420.0,7023,-16.5,-35.1,18,0.46,260,103,328.9,330.7,329.0
00Z 20 Jan 2016,39,409.0,7223,-17.3,-32.9,24,0.59,260,111,330.4,332.6,330.5
00Z 20 Jan 2016,40,403.0,7334,-17.7,-31.7,28,0.67,257,113,331.2,333.8,331.3
00Z 20 Jan 2016,41,400.0,7390,-18.3,-32.3,28,0.64,255,114,331.1,333.6,331.2
00Z 20 Jan 2016,42,358.0,8204,-24.2,-32.5,46,0.70,240,119,333.9,336.6,334.1
00Z 20 Jan 2016,43,349.0,8390,-25.5,-32.5,52,0.72,240,120,334.6,337.3,334.7
00Z 20 Jan 2016,44,342.0,8537,-26.1,-39.1,28,0.38,240,121,335.7,337.2,335.8
00Z 20 Jan 2016,45,328.0,8836,-28.7,-38.7,38,0.41,240,122,336.1,337.8,336.2
00Z 20 Jan 2016,46,322.0,8968,-28.3,-42.3,25,0.29,240,123,338.5,339.6,338.5
00Z 20 Jan 2016,47,300.0,9470,-31.9,-45.9,24,0.21,240,126,340.3,341.2,340.3
00Z 20 Jan 2016,48,278.0,10006,-34.6,-52.4,15,0.11,240,128,343.9,344.4,343.9
00Z 20 Jan 2016,49,277.0,10032,-34.7,-52.7,14,0.10,240,128,344.1,344.6,344.1
00Z 20 Jan 2016,50,273.0,10132,-35.6,-53.1,15,0.10,240,128,344.3,344.7,344.3
00Z 20 Jan 2016,51,250.0,10740,-40.9,-55.9,18,0.08,245,127,345.1,345.5,345.1
00Z 20 Jan 2016,52,229.0,11331,-45.9,-56.9,28,0.08,249,124,346.3,346.6,346.3
00Z 20 Jan 2016,53,226.0,11419,-46.7,-57.7,27,0.07,250,123,346.4,346.7,346.4
00Z 20 Jan 2016,54,200.0,12220,-52.1,-63.1,25,0.04,255,119,350.1,350.3,350.1
00Z 20 Jan 2016,55,150.0,14030,-64.1,-76.1,18,0.01,270,111,359.5,359.5,359.5
00Z 20 Jan 2016,56,141.0,14407,-66.7,-77.7,20,0.01,273,105,361.3,361.4,361.3
00Z 20 Jan 2016,57,132.0,14805,-68.9,-79.9,19,0.01,277,99,364.3,364.3,364.3
00Z 20 Jan 2016,58,125.0,15131,-69.0,-80.7,17,0.00,280,94,369.7,369.8,369.7
00Z 20 Jan 2016,59,122.0,15277,-69.1,-81.1,16,0.00,279,93,372.2,372.2,372.2
00Z 20 Jan 2016,60,105.0,16164,-74.0,-85.0,17,0.00,270,90,379.2,379.2,379.2
00Z 20 Jan 2016,61,104.0,16221,-74.3,-85.3,17,0.00,270,90,379.6,379.7,379.6
00Z 20 Jan 2016,62,102.0,16334,-74.1,-85.6,16,0.00,270,89,382.1,382.1,382.1
00Z 20 Jan 2016,63,100.0,16450,-73.9,-85.9,14,0.00,275,87,384.7,384.7,384.7
00Z 22 Jan 2016,0,1014.0,20,15.0,14.0,94,10.00,270,6,287.0,315.0,288.7
00Z 22 Jan 2016,1,1000.0,137,13.2,10.7,85,8.14,305,10,286.4,309.2,287.8
00Z 22 Jan 2016,2,925.0,789,9.4,9.4,100,8.06,325,11,288.9,311.8,290.3
00Z 22 Jan 2016,3,850.0,1492,8.4,2.4,66,5.38,335,11,294.9,310.9,295.9
00Z 22 Jan 2016,4,700.0,3071,-1.1,-10.1,50,2.55,330,16,301.2,309.3,301.7
00Z 22 Jan 2016,5,500.0,5710,-12.5,-58.5,1,0.03,260,57,317.7,317.9,317.7
00Z 22 Jan 2016,6,441.0,6659,-17.9,-61.9,1,0.02,270,70,322.5,322.6,322.5
00Z 22 Jan 2016,7,400.0,7390,-17.1,-61.1,1,0.03,260,98,332.7,332.8,332.7
00Z 22 Jan 2016,8,300.0,9530,-25.7,-67.7,1,0.01,265,104,349.0,349.1,349.1
00Z 22 Jan 2016,9,289.0,9794,-27.8,-69.0,1,0.01,265,105,349.8,349.9,349.8
00Z 22 Jan 2016,10,250.0,10820,-35.9,-73.9,1,0.01,265,95,352.6,352.6,352.6
00Z 22 Jan 2016,11,200.0,12320,-49.3,-83.3,1,0.00,275,93,354.5,354.6,354.5
00Z 22 Jan 2016,12,150.0,14150,-61.9,-91.9,1,0.00,275,81,363.2,363.2,363.2
00Z 22 Jan 2016,13,100.0,16580,-74.7,-101.7,1,0.00,265,57,383.1,383.1,383.1
00Z 26 Jan 2016,0,1013.0,20,10.0,9.7,98,7.51,0,0,282.1,302.9,283.4
00Z 26 Jan 2016,1,1000.0,126,9.8,8.5,92,7.01,320,4,282.9,302.4,284.1
00Z 26 Jan 2016,2,925.0,778,11.6,1.6,50,4.67,95,4,291.2,304.9,292.0
00Z 26 Jan 2016,3,850.0,1479,7.4,-8.6,31,2.36,45,4,293.9,301.2,294.3
00Z 26 Jan 2016,4,700.0,3052,-0.7,-32.7,7,0.35,290,22,301.7,302.9,301.7
00Z 26 Jan 2016,5,500.0,5670,-17.7,-45.7,7,0.13,285,39,311.4,311.9,311.4
00Z 26 Jan 2016,6,400.0,7290,-31.7,-41.7,37,0.25,290,55,313.7,314.6,313.8
00Z 26 Jan 2016,7,300.0,9270,-42.7,-67.7,5,0.01,295,59,325.1,325.1,325.1
00Z 26 Jan 2016,8,250.0,10480,-47.7,-71.7,5,0.01,300,75,335.0,335.1,335.0
00Z 26 Jan 2016,9,200.0,11950,-49.9,-83.9,1,0.00,305,85,353.6,353.6,353.6
00Z 26 Jan 2016,10,150.0,13800,-55.5,-87.5,1,0.00,280,86,374.2,374.3,374.2
00Z 26 Jan 2016,11,114.0,15511,-65.9,-94.9,1,0.00,270,98,385.4,385.4,385.4
00Z 26 Jan 2016,12,113.0,15565,-65.8,-94.9,1,0.00,275,98,386.5,386.5,386.5
00Z 26 Jan 2016,13,100.0,16310,-65.1,-95.1,1,0.00,290,75,401.7,401.7,401.7
00Z 28 Jan 2016,0,1012.0,20,14.0,12.0,88,8.77,0,0,286.2,310.7,287.7
00Z 28 Jan 2016,1,1011.0,28,14.2,11.8,85,8.65,115,12,286.4,310.7,287.9
00Z 28 Jan 2016,2,1007.0,62,14.9,10.8,77,8.16,115,12,287.5,310.5,288.9
00Z 28 Jan 2016,3,1000.0,120,16.2,9.2,63,7.35,115,12,289.4,310.4,290.6
00Z 28 Jan 2016,4,997.0,146,17.2,9.2,59,7.37,114,12,290.6,311.8,291.9
00Z 28 Jan 2016,5,996.0,154,17.2,9.2,59,7.38,114,12,290.7,311.9,292.0
00Z 28 Jan 2016,6,976.0,327,16.6,7.5,55,6.73,110,10,291.8,311.3,293.0
00Z 28 Jan 2016,7,960.0,468,16.2,6.2,52,6.23,136,8,292.7,310.9,293.9
00Z 28 Jan 2016,8,939.0,655,15.0,4.0,48,5.46,171,6,293.4,309.5,294.4
00Z 28 Jan 2016,9,925.0,782,14.0,4.0,51,5.54,195,4,293.6,309.9,294.6
00Z 28 Jan 2016,10,850.0,1488,7.8,4.4,79,6.20,255,2,294.3,312.5,295.4
00Z 28 Jan 2016,11,830.0,1684,6.2,3.1,81,5.79,286,7,294.6,311.7,295.7
00Z 28 Jan 2016,12,821.0,1773,5.9,1.2,72,5.11,300,10,295.2,310.4,296.1
00Z 28 Jan 2016,13,808.0,1904,5.4,-1.6,61,4.23,297,12,296.0,308.8,296.8
00Z 28 Jan 2016,14,804.0,1944,6.2,-14.8,21,1.52,296,13,297.3,302.2,297.6
00Z 28 Jan 2016,15,799.0,1995,6.2,-10.8,28,2.11,295,13,297.9,304.5,298.2
00Z 28 Jan 2016,16,720.0,2840,1.6,-22.9,14,0.84,275,26,301.8,304.7,302.0
00Z 28 Jan 2016,17,716.0,2885,1.4,-23.6,14,0.80,277,27,302.1,304.8,302.2
00Z 28 Jan 2016,18,700.0,3066,0.2,-8.8,51,2.82,285,29,302.7,311.6,303.2
00Z 28 Jan 2016,19,699.0,3077,0.2,-8.8,51,2.83,285,29,302.8,311.8,303.3
00Z 28 Jan 2016,20,665.0,3472,-3.2,-9.4,62,2.82,290,33,303.3,312.3,303.9
00Z 28 Jan 2016,21,637.0,3813,-6.1,-10.0,74,2.82,294,47,303.8,312.8,304.3
00Z 28 Jan 2016,22,619.0,4036,-7.5,-15.5,53,1.86,297,56,304.7,310.7,305.0
00Z 28 Jan 2016,23,610.0,4150,-5.3,-36.3,7,0.28,298,60,308.5,309.5,308.5
00Z 28 Jan 2016,24,608.0,4176,-5.3,-39.3,5,0.21,298,61,308.8,309.6,308.8
00Z 28 Jan 2016,25,597.0,4319,-5.1,-40.4,4,0.19,300,67,310.6,311.3,310.6
00Z 28 Jan 2016,26,581.0,4532,-4.9,-41.9,4,0.17,292,75,313.3,313.9,313.3
00Z 28 Jan 2016,27,576.0,4600,-5.4,-41.4,4,0.18,290,78,313.5,314.1,313.5
00Z 28 Jan 2016,28,561.0,4806,-6.9,-39.9,5,0.21,290,75,314.1,314.9,314.1
00Z 28 Jan 2016,29,552.0,4932,-6.9,-54.9,1,0.04,290,73,315.5,315.7,315.5
00Z 28 Jan 2016,30,531.0,5234,-7.5,-27.5,18,0.76,290,68,318.3,321.1,318.5
00Z 28 Jan 2016,31,502.0,5669,-8.6,-33.3,12,0.46,290,61,322.1,323.9,322.2
00Z 28 Jan 2016,32,500.0,5700,-8.7,-33.7,11,0.45,290,60,322.4,324.1,322.5
00Z 28 Jan 2016,33,494.0,5794,-8.9,-33.9,11,0.44,291,60,323.2,324.9,323.3
00Z 28 Jan 2016,34,464.0,6274,-13.1,-35.8,13,0.39,295,60,323.9,325.4,324.0
00Z 28 Jan 2016,35,454.0,6441,-14.5,-36.5,14,0.37,298,63,324.1,325.6,324.2
00Z 28 Jan 2016,36,412.0,7169,-19.4,-39.1,16,0.31,310,78,326.9,328.1,327.0
00Z 28 Jan 2016,37,400.0,7390,-20.9,-39.9,16,0.30,310,83,327.7,328.9,327.8
00Z 28 Jan 2016,38,357.0,8221,-26.3,-42.3,21,0.26,310,109,331.3,332.4,331.4
00Z 28 Jan 2016,39,352.0,8321,-27.2,-42.6,22,0.25,310,112,331.4,332.5,331.5
00Z 28 Jan 2016,40,300.0,9450,-37.3,-46.3,39,0.20,305,121,332.7,333.5,332.7
00Z 28 Jan 2016,41,299.0,9473,-37.5,-46.5,39,0.20,305,122,332.7,333.5,332.8
00Z 28 Jan 2016,42,295.0,9566,-37.7,-48.7,31,0.16,306,124,333.7,334.4,333.8
00Z 28 Jan 2016,43,290.0,9685,-34.9,-55.9,10,0.07,308,128,339.3,339.6,339.4
00Z 28 Jan 2016,44,283.0,9856,-35.4,-54.7,12,0.08,310,133,341.0,341.3,341.0
00Z 28 Jan 2016,45,282.0,9880,-35.5,-54.5,13,0.08,310,133,341.2,341.6,341.2
00Z 28 Jan 2016,46,264.0,10337,-39.3,-59.3,10,0.05,310,132,342.1,342.4,342.1
00Z 28 Jan 2016,47,250.0,10710,-40.5,-64.5,6,0.03,310,132,345.7,345.8,345.7
00Z 28 Jan 2016,48,229.0,11304,-43.1,-71.1,3,0.01,310,134,350.5,350.6,350.5
00Z 28 Jan 2016,49,222.0,11509,-44.8,-71.4,4,0.01,310,135,351.1,351.1,351.1
00Z 28 Jan 2016,50,203.0,12101,-49.7,-72.3,5,0.01,310,130,352.4,352.5,352.4
00Z 28 Jan 2016,51,200.0,12200,-50.5,-72.5,6,0.01,310,130,352.6,352.7,352.6
00Z 28 Jan 2016,52,198.0,12265,-50.9,-72.9,6,0.01,310,129,353.0,353.1,353.0
00Z 28 Jan 2016,53,190.0,12533,-50.9,-78.9,2,0.00,309,127,357.2,357.2,357.2
00Z 28 Jan 2016,54,155.0,13817,-62.2,-80.8,7,0.00,305,117,359.4,359.4,359.4
00Z 28 Jan 2016,55,153.0,13899,-62.9,-80.9,7,0.00,303,115,359.5,359.5,359.5
00Z 28 Jan 2016,56,150.0,14020,-63.5,-80.5,8,0.00,300,112,360.5,360.5,360.5
00Z 28 Jan 2016,57,126.0,15061,-69.3,-90.8,3,0.00,280,100,368.4,368.4,368.4
00Z 28 Jan 2016,58,113.0,15711,-73.0,-97.3,2,0.00,275,107,373.2,373.2,373.2
00Z 28 Jan 2016,59,106.0,16093,-75.1,-101.1,1,0.00,288,106,376.1,376.1,376.1
00Z 28 Jan 2016,60,105.0,16147,-75.2,-99.3,1,0.00,290,106,376.8,376.8,376.8
00Z 28 Jan 2016,61,102.0,16315,-75.7,-93.7,5,0.00,290,101,379.1,379.1,379.1
00Z 28 Jan 2016,62,100.0,16430,-75.1,-96.1,3,0.00,290,98,382.4,382.4,382.4
00Z 30 Jan 2016,0,1013.0,20,12.8,11.7,93,8.59,0,0,284.9,308.8,286.4
00Z 30 Jan 2016,1,1006.0,77,14.0,9.6,75,7.51,336,4,286.7,307.9,288.0
00Z 30 Jan 2016,2,1001.0,118,17.2,9.2,59,7.34,318,7,290.3,311.4,291.6
00Z 30 Jan 2016,3,1000.0,126,17.4,8.4,55,6.96,315,8,290.6,310.6,291.8
00Z 30 Jan 2016,4,999.0,135,17.4,8.4,55,6.97,315,8,290.6,310.7,291.9
00Z 30 Jan 2016,5,986.0,246,17.4,9.4,59,7.56,312,7,291.7,313.5,293.1
00Z 30 Jan 2016,6,925.0,788,13.6,6.6,63,6.65,300,3,293.2,312.6,294.4
00Z 30 Jan 2016,7,917.0,861,13.4,0.4,41,4.31,301,4,293.7,306.6,294.5
00Z 30 Jan 2016,8,850.0,1494,8.4,0.4,57,4.66,305,9,294.9,308.9,295.8
00Z 30 Jan 2016,9,839.0,1601,7.8,-0.6,55,4.38,290,10,295.4,308.6,296.2
00Z 30 Jan 2016,10,827.0,1720,7.2,-1.7,53,4.10,285,12,295.9,308.3,296.7
00Z 30 Jan 2016,11,824.0,1750,7.0,-2.0,53,4.03,283,13,296.1,308.3,296.8
00Z 30 Jan 2016,12,820.0,1790,7.0,-2.0,53,4.04,280,14,296.5,308.7,297.2
00Z 30 Jan 2016,13,760.0,2414,6.4,-2.6,53,4.18,301,33,302.4,315.3,303.1
00Z 30 Jan 2016,14,737.0,2665,5.1,-3.4,54,4.05,310,41,303.6,316.2,304.3
00Z 30 Jan 2016,15,715.0,2912,3.8,-4.2,56,3.94,307,54,304.8,317.2,305.5
00Z 30 Jan 2016,16,711.0,2957,3.6,-5.4,52,3.61,307,56,305.1,316.5,305.8
00Z 30 Jan 2016,17,700.0,3084,4.0,-8.0,41,3.00,305,63,306.9,316.5,307.4
00Z 30 Jan 2016,18,685.0,3260,4.8,-13.2,26,2.03,301,68,309.7,316.4,310.1
00Z 30 Jan 2016,19,683.0,3284,4.8,-12.2,28,2.21,301,68,309.9,317.2,310.4
00Z 30 Jan 2016,20,681.0,3308,4.6,-12.2,28,2.21,300,69,310.0,317.3,310.4
00Z 30 Jan 2016,21,610.0,4195,-1.9,-12.9,43,2.33,294,67,312.4,320.2,312.8
00Z 30 Jan 2016,22,580.0,4595,-3.9,-17.9,33,1.62,292,66,314.6,320.1,314.9
00Z 30 Jan 2016,23,558.0,4900,-5.0,-22.9,23,1.09,290,65,316.7,320.6,316.9
00Z 30 Jan 2016,24,546.0,5071,-5.7,-25.7,19,0.87,293,66,317.9,321.1,318.1
00Z 30 Jan 2016,25,514.0,5544,-6.2,-44.1,3,0.15,300,69,322.9,323.5,322.9
00Z 30 Jan 2016,26,507.0,5651,-6.3,-48.3,2,0.09,305,72,324.0,324.4,324.0
00Z 30 Jan 2016,27,500.0,5760,-6.1,-36.1,7,0.35,310,76,325.5,326.9,325.6
00Z 30 Jan 2016,28,497.0,5807,-5.9,-37.9,6,0.30,310,78,326.3,327.5,326.4
00Z 30 Jan 2016,29,479.0,6093,-7.7,-42.4,4,0.19,310,90,327.6,328.4,327.6
00Z 30 Jan 2016,30,463.0,6356,-9.3,-46.5,3,0.13,310,98,328.8,329.3,328.8
00Z 30 Jan 2016,31,446.0,6646,-11.1,-51.1,2,0.08,302,99,330.1,330.4,330.1
00Z 30 Jan 2016,32,435.0,6839,-9.5,-56.5,1,0.04,297,100,334.4,334.6,334.4
00Z 30 Jan 2016,33,431.0,6909,-10.1,-56.8,1,0.04,295,100,334.6,334.8,334.6
00Z 30 Jan 2016,34,426.0,6998,-10.8,-57.2,1,0.04,295,101,334.9,335.0,334.9
00Z 30 Jan 2016,35,400.0,7480,-14.5,-59.5,1,0.03,295,99,336.1,336.2,336.1
00Z 30 Jan 2016,36,376.0,7946,-18.3,-57.3,2,0.04,297,99,337.0,337.2,337.0
00Z 30 Jan 2016,37,347.0,8534,-21.9,-61.6,1,0.03,300,99,340.0,340.2,340.0
00Z 30 Jan 2016,38,304.0,9503,-27.7,-68.6,1,0.01,285,94,344.9,345.0,344.9
00Z 30 Jan 2016,39,300.0,9600,-28.3,-69.3,1,0.01,285,93,345.4,345.4,345.4
00Z 30 Jan 2016,40,298.0,9648,-28.5,-69.5,1,0.01,285,93,345.8,345.8,345.8
00Z 30 Jan 2016,41,250.0,10880,-39.5,-75.5,1,0.01,290,88,347.2,347.2,347.2
00Z 30 Jan 2016,42,230.0,11440,-44.7,-70.4,4,0.01,285,88,347.6,347.7,347.6
00Z 30 Jan 2016,43,225.0,11588,-46.1,-69.1,6,0.02,281,88,347.7,347.8,347.7
00Z 30 Jan 2016,44,202.0,12295,-50.3,-77.3,3,0.01,262,86,351.9,352.0,351.9
00Z 30 Jan 2016,45,200.0,12360,-50.9,-76.9,3,0.01,260,86,352.0,352.0,352.0
00Z 30 Jan 2016,46,196.0,12489,-52.2,-76.3,4,0.01,260,86,352.0,352.0,352.0
00Z 30 Jan 2016,47,182.0,12964,-56.9,-73.9,10,0.01,261,84,351.9,351.9,351.9
00Z 30 Jan 2016,48,175.0,13212,-56.3,-81.3,3,0.00,262,83,356.8,356.8,356.8
00Z 30 Jan 2016,49,150.0,14170,-64.7,-84.7,5,0.00,265,80,358.4,358.4,358.4
00Z 30 Jan 2016,50,131.0,14984,-72.3,-85.3,13,0.00,257,79,359.0,359.0,359.0
00Z 30 Jan 2016,51,124.0,15305,-74.9,-85.9,17,0.00,254,79,359.9,360.0,359.9
00Z 30 Jan 2016,52,117.0,15642,-77.1,-89.1,13,0.00,251,79,361.9,361.9,361.9
00Z 30 Jan 2016,53,115.0,15741,-77.2,-89.2,13,0.00,250,79,363.6,363.6,363.6
00Z 30 Jan 2016,54,112.0,15893,-77.3,-89.3,13,0.00,255,78,366.1,366.1,366.1
00Z 30 Jan 2016,55,110.0,15997,-75.7,-88.7,12,0.00,258,77,371.0,371.0,371.0
00Z 30 Jan 2016,56,105.0,16267,-74.9,-89.9,8,0.00,266,76,377.5,377.5,377.5
00Z 30 Jan 2016,57,100.0,16550,-76.7,-99.7,2,0.00,275,74,379.3,379.3,379.3
00Z 02 Jan 2018,0,1008.0,20,14.2,13.7,97,9.86,30,4,286.7,314.3,288.4
00Z 02 Jan 2018,1,1000.0,89,13.4,11.1,86,8.36,340,10,286.6,310.0,288.0
00Z 02 Jan 2018,2,925.0,755,16.2,10.2,68,8.51,10,2,295.9,320.8,297.4
00Z 02 Jan 2018,3,850.0,1468,13.2,-16.8,11,1.21,115,2,300.0,304.0,300.2
00Z 02 Jan 2018,4,700.0,3068,2.4,-10.6,38,2.45,205,16,305.1,313.0,305.6
00Z 02 Jan 2018,5,500.0,5710,-14.7,-31.7,22,0.54,245,54,315.1,317.0,315.2
00Z 02 Jan 2018,6,400.0,7370,-24.7,-41.7,19,0.25,230,78,322.8,323.8,322.9
00Z 02 Jan 2018,7,300.0,9410,-36.7,-54.7,14,0.08,215,115,333.5,333.9,333.5
00Z 02 Jan 2018,8,250.0,10650,-46.7,-53.7,45,0.10,220,125,336.5,336.9,336.5
00Z 02 Jan 2018,9,200.0,12100,-55.7,-65.7,28,0.03,215,143,344.4,344.5,344.4
00Z 02 Jan 2018,10,182.0,12686,-59.8,-70.6,23,0.02,215,148,347.1,347.2,347.1
00Z 02 Jan 2018,11,157.0,13603,-66.3,-78.3,17,0.01,220,132,351.1,351.1,351.1
00Z 02 Jan 2018,12,150.0,13880,-65.3,-79.3,13,0.00,225,126,357.4,357.4,357.4
00Z 02 Jan 2018,13,100.0,16330,-69.1,-88.1,5,0.00,250,67,394.0,394.0,394.0
00Z 03 Jan 2018,0,1009.0,20,11.6,10.3,92,7.85,315,4,284.0,305.9,285.4
00Z 03 Jan 2018,1,1000.0,96,10.2,7.3,82,6.45,320,15,283.4,301.4,284.4
00Z 03 Jan 2018,2,925.0,757,15.6,4.6,48,5.78,330,15,295.2,312.4,296.3
00Z 03 Jan 2018,3,850.0,1465,8.6,2.6,66,5.46,320,14,295.1,311.3,296.1
00Z 03 Jan 2018,4,700.0,3047,0.4,-32.6,6,0.36,255,12,302.9,304.2,303.0
00Z 03 Jan 2018,5,500.0,5650,-19.1,-47.1,7,0.11,255,29,309.7,310.1,309.7
00Z 03 Jan 2018,6,400.0,7290,-26.5,-64.5,1,0.02,265,42,320.5,320.5,320.5
00Z 03 Jan 2018,7,300.0,9320,-37.5,-75.5,1,0.00,285,61,332.4,332.4,332.4
00Z 03 Jan 2018,8,250.0,10560,-43.1,-79.1,1,0.00,280,46,341.9,341.9,341.9
00Z 03 Jan 2018,9,200.0,12040,-51.9,-84.9,1,0.00,270,66,350.4,350.4,350.4
00Z 03 Jan 2018,10,150.0,13870,-59.9,-90.9,1,0.00,280,106,366.7,366.7,366.7
00Z 03 Jan 2018,11,145.0,14077,-60.7,-91.4,1,0.00,280,109,368.9,368.9,368.9
00Z 03 Jan 2018,12,100.0,16340,-69.1,-97.1,1,0.00,275,53,394.0,394.0,394.0
00Z 04 Jan 2018,0,1013.0,20,11.2,9.1,87,7.21,315,6,283.3,303.4,284.5
00Z 04 Jan 2018,1,1000.0,125,8.6,6.9,89,6.28,355,4,281.8,299.2,282.8
00Z 04 Jan 2018,2,978.6,305,10.0,4.3,68,5.35,5,5,284.9,300.1,285.8
00Z 04 Jan 2018,3,943.3,610,12.3,-0.1,42,4.06,350,5,290.3,302.3,291.0
00Z 04 Jan 2018,4,925.0,773,13.6,-2.4,33,3.48,40,10,293.2,303.7,293.8
00Z 04 Jan 2018,5,909.5,914,13.0,-5.3,27,2.83,340,5,294.1,302.7,294.6
00Z 04 Jan 2018,6,850.0,1481,10.8,-17.2,12,1.17,35,14,297.4,301.3,297.7
00Z 04 Jan 2018,7,785.1,2134,8.2,-23.1,9,0.76,330,8,301.5,304.1,301.6
00Z 04 Jan 2018,8,700.0,3077,4.4,-31.6,5,0.39,305,19,307.3,308.7,307.4
00Z 04 Jan 2018,9,500.0,5730,-10.9,-47.9,3,0.10,290,54,319.7,320.1,319.7
00Z 04 Jan 2018,10,400.0,7420,-17.1,-61.1,1,0.03,280,68,332.7,332.8,332.7
00Z 04 Jan 2018,11,300.0,9510,-33.9,-60.9,5,0.04,265,78,337.5,337.6,337.5
00Z 04 Jan 2018,12,250.0,10760,-42.5,-70.5,3,0.01,270,91,342.7,342.8,342.8
00Z 04 Jan 2018,13,234.0,11196,-45.8,-71.5,4,0.01,275,94,344.3,344.3,344.3
00Z 04 Jan 2018,14,200.0,12230,-53.7,-73.7,7,0.01,280,94,347.6,347.6,347.6
00Z 04 Jan 2018,15,150.0,14030,-64.7,-86.7,3,0.00,265,80,358.4,358.4,358.4
00Z 04 Jan 2018,16,100.0,16420,-76.9,-93.9,5,0.00,280,72,378.9,378.9,378.9
00Z 05 Jan 2018,0,1013.0,20,14.2,13.4,95,9.62,270,4,286.3,313.2,287.9
00Z 05 Jan 2018,1,1000.0,124,8.6,6.8,88,6.23,345,9,281.8,299.1,282.8
00Z 05 Jan 2018,2,925.0,782,13.6,7.6,67,7.13,25,8,293.2,313.9,294.5
00Z 05 Jan 2018,3,850.0,1492,10.4,-5.6,32,2.98,70,5,297.0,306.2,297.6
00Z 05 Jan 2018,4,700.0,3086,5.6,-39.4,2,0.18,280,27,308.6,309.3,308.7
00Z 05 Jan 2018,5,500.0,5730,-14.3,-40.3,9,0.23,265,58,315.5,316.4,315.6
00Z 05 Jan 2018,6,400.0,7390,-23.3,-65.3,1,0.01,250,65,324.6,324.7,324.6
00Z 05 Jan 2018,7,300.0,9460,-32.9,-71.9,1,0.01,250,110,338.9,338.9,338.9
00Z 05 Jan 2018,8,250.0,10730,-38.7,-75.7,1,0.01,250,117,348.4,348.4,348.4
00Z 05 Jan 2018,9,243.0,10920,-40.3,-76.9,1,0.00,250,118,348.9,348.9,348.9
00Z 05 Jan 2018,10,200.0,12220,-51.1,-85.1,1,0.00,250,113,351.7,351.7,351.7
00Z 05 Jan 2018,11,150.0,14030,-65.1,-87.1,3,0.00,260,102,357.7,357.8,357.7
00Z 05 Jan 2018,12,100.0,16450,-74.5,-94.5,3,0.00,260,60,383.5,383.5,383.5
00Z 11 Jan 2018,0,1014.0,20,9.2,9.1,99,7.20,310,4,281.2,301.1,282.4
00Z 11 Jan 2018,1,1000.0,132,7.6,6.5,93,6.10,305,3,280.8,297.7,281.8
00Z 11 Jan 2018,2,925.0,782,12.0,4.0,58,5.54,105,7,291.6,307.8,292.6
00Z 11 Jan 2018,3,850.0,1484,8.6,-11.4,23,1.89,75,4,295.1,301.1,295.5
00Z 11 Jan 2018,4,700.0,3100,13.2,NA,NA,NA,285,51,317.1,NA,317.1
00Z 11 Jan 2018,5,500.0,5850,-3.3,NA,NA,NA,300,49,328.9,NA,328.9
00Z 11 Jan 2018,6,400.0,7580,-16.3,NA,NA,NA,310,47,333.7,NA,333.7
00Z 11 Jan 2018,7,300.0,9680,-31.3,NA,NA,NA,280,43,341.1,NA,341.1
00Z 11 Jan 2018,8,250.0,10940,-41.9,NA,NA,NA,285,30,343.6,NA,343.6
00Z 11 Jan 2018,9,200.0,12410,-53.9,NA,NA,NA,285,35,347.2,NA,347.2
00Z 11 Jan 2018,10,150.0,14200,-68.1,NA,NA,NA,270,41,352.6,NA,352.6
00Z 11 Jan 2018,11,100.0,16550,-81.5,NA,NA,NA,295,28,370.0,NA,370.0
00Z 12 Jan 2018,0,1012.0,20,9.4,8.8,96,7.07,310,4,281.6,301.1,282.8
00Z 12 Jan 2018,1,1000.0,119,10.8,6.8,76,6.23,0,6,283.9,301.5,285.0
00Z 12 Jan 2018,2,978.1,305,11.7,4.5,62,5.44,305,4,286.6,302.2,287.6
00Z 12 Jan 2018,3,943.3,610,13.1,0.8,43,4.32,305,4,291.0,303.8,291.8
00Z 12 Jan 2018,4,925.0,775,13.8,-1.2,36,3.80,100,4,293.4,304.8,294.1
00Z 12 Jan 2018,5,909.7,914,12.8,-0.2,41,4.16,290,4,293.8,306.2,294.5
00Z 12 Jan 2018,6,850.0,1481,8.8,3.8,71,5.95,100,9,295.4,312.9,296.4
00Z 12 Jan 2018,7,785.4,2134,10.4,-5.6,32,3.23,255,110,303.8,314.1,304.4
00Z 12 Jan 2018,8,700.0,3085,12.8,-19.2,9,1.20,300,57,316.6,320.9,316.9
00Z 12 Jan 2018,9,500.0,5840,-2.7,-35.7,6,0.37,290,37,329.7,331.1,329.8
00Z 12 Jan 2018,10,400.0,7570,-14.9,-46.9,5,0.14,290,36,335.5,336.1,335.6
00Z 12 Jan 2018,11,300.0,9670,-31.9,-56.9,7,0.06,280,32,340.3,340.6,340.3
00Z 12 Jan 2018,12,250.0,10930,-42.9,-60.9,12,0.04,285,43,342.1,342.3,342.2
00Z 12 Jan 2018,13,200.0,12390,-55.3,-67.3,21,0.02,280,37,345.0,345.1,345.0
00Z 12 Jan 2018,14,150.0,14180,-65.9,-85.9,5,0.00,255,47,356.4,356.4,356.4
00Z 12 Jan 2018,15,100.0,16540,-83.7,-93.7,17,0.00,265,28,365.8,365.8,365.8
00Z 15 Jan 2018,0,1013.0,20,10.4,9.8,96,7.56,310,4,282.5,303.4,283.8
00Z 15 Jan 2018,1,1000.0,122,11.2,9.3,88,7.40,340,5,284.4,305.0,285.6
00Z 15 Jan 2018,2,925.0,782,14.4,6.4,59,6.56,320,2,294.0,313.2,295.2
00Z 15 Jan 2018,3,850.0,1491,9.4,0.4,53,4.66,25,4,296.0,310.0,296.8
00Z 15 Jan 2018,4,700.0,3079,4.2,-17.8,18,1.36,320,23,307.1,311.7,307.4
00Z 15 Jan 2018,5,500.0,5770,-7.7,-55.7,1,0.04,265,49,323.6,323.8,323.6
00Z 15 Jan 2018,6,400.0,7470,-17.5,-61.5,1,0.02,270,72,332.2,332.3,332.2
00Z 15 Jan 2018,7,300.0,9560,-30.7,-62.7,3,0.03,245,84,342.0,342.1,342.0
00Z 15 Jan 2018,8,250.0,10830,-40.7,-70.7,3,0.01,240,91,345.4,345.5,345.4
00Z 15 Jan 2018,9,200.0,12310,-53.1,-78.1,3,0.00,235,94,348.5,348.5,348.5
00Z 15 Jan 2018,10,187.0,12731,-56.2,-81.0,3,0.00,230,96,350.2,350.2,350.2
00Z 15 Jan 2018,11,150.0,14110,-66.5,-90.5,2,0.00,240,86,355.3,355.3,355.3
00Z 15 Jan 2018,12,100.0,16500,-77.9,-94.9,5,0.00,270,37,377.0,377.0,377.0
00Z 16 Jan 2018,0,1012.0,20,10.6,10.1,97,7.72,0,0,282.8,304.2,284.1
00Z 16 Jan 2018,1,1000.0,115,12.0,9.4,84,7.45,335,9,285.1,306.1,286.4
00Z 16 Jan 2018,2,977.8,305,12.7,8.2,74,7.05,350,6,287.7,307.7,288.9
00Z 16 Jan 2018,3,943.2,610,13.8,6.4,61,6.43,340,8,291.8,310.5,292.9
00Z 16 Jan 2018,4,925.0,775,14.4,5.4,55,6.11,290,3,294.0,312.0,295.1
00Z 16 Jan 2018,5,909.8,914,13.5,4.7,55,5.92,340,8,294.5,311.9,295.6
00Z 16 Jan 2018,6,850.0,1484,9.8,1.8,57,5.15,105,5,296.4,311.8,297.3
00Z 16 Jan 2018,7,785.0,2134,7.8,-5.1,40,3.35,15,4,301.1,311.6,301.7
00Z 16 Jan 2018,8,756.4,2438,6.9,-8.3,33,2.72,15,6,303.3,312.0,303.8
00Z 16 Jan 2018,9,700.0,3071,5.0,-15.0,22,1.71,325,19,308.0,313.7,308.3
00Z 16 Jan 2018,10,500.0,5770,-9.1,-52.1,2,0.06,300,30,321.9,322.1,321.9
00Z 16 Jan 2018,11,400.0,7460,-21.3,-64.3,1,0.02,300,36,327.2,327.3,327.2
00Z 16 Jan 2018,12,300.0,9520,-33.9,-72.9,1,0.01,265,64,337.5,337.5,337.5
00Z 16 Jan 2018,13,253.0,10688,-39.5,-76.6,1,0.00,270,89,346.0,346.0,346.0
00Z 16 Jan 2018,14,250.0,10770,-39.9,-76.9,1,0.00,265,88,346.6,346.6,346.6
00Z 16 Jan 2018,15,200.0,12270,-49.9,-83.9,1,0.00,275,83,353.6,353.6,353.6
00Z 16 Jan 2018,16,150.0,14090,-64.5,-88.5,2,0.00,275,64,358.8,358.8,358.8
00Z 16 Jan 2018,17,100.0,16480,-77.3,-95.3,4,0.00,270,51,378.1,378.1,378.1
00Z 17 Jan 2018,0,1011.0,20,11.6,11.0,96,8.21,0,0,283.9,306.7,285.3
00Z 17 Jan 2018,1,1000.0,109,11.6,10.2,91,7.87,5,10,284.8,306.7,286.1
00Z 17 Jan 2018,2,925.0,772,15.2,8.2,63,7.43,0,6,294.8,316.6,296.2
00Z 17 Jan 2018,3,850.0,1483,10.6,4.6,66,6.29,45,2,297.2,316.0,298.4
00Z 17 Jan 2018,4,700.0,3077,7.8,-23.2,9,0.85,315,39,311.1,314.1,311.2
00Z 17 Jan 2018,5,500.0,5790,-7.5,-48.5,2,0.09,290,32,323.8,324.2,323.9
00Z 17 Jan 2018,6,400.0,7480,-20.9,-63.9,1,0.02,315,34,327.7,327.8,327.7
00Z 17 Jan 2018,7,300.0,9560,-30.1,-70.1,1,0.01,275,61,342.8,342.9,342.8
00Z 17 Jan 2018,8,250.0,10830,-41.3,-78.3,1,0.00,275,63,344.5,344.6,344.5
00Z 17 Jan 2018,9,202.0,12234,-53.3,-77.9,3,0.00,255,63,347.1,347.2,347.1
00Z 17 Jan 2018,10,200.0,12300,-53.9,-77.9,4,0.00,255,63,347.2,347.3,347.2
00Z 17 Jan 2018,11,150.0,14100,-64.9,-83.9,6,0.00,245,50,358.1,358.1,358.1
00Z 17 Jan 2018,12,100.0,16480,-77.1,-90.1,11,0.00,260,32,378.5,378.5,378.5
00Z 26 Jan 2018,0,1009.0,20,12.2,10.8,91,8.12,0,0,284.6,307.3,286.0
00Z 26 Jan 2018,1,1000.0,97,16.8,7.8,55,6.68,330,10,289.9,309.2,291.1
00Z 26 Jan 2018,2,975.8,305,15.8,5.5,50,5.85,325,5,291.0,308.0,292.0
00Z 26 Jan 2018,3,941.4,610,14.3,2.2,44,4.79,325,8,292.5,306.6,293.3
00Z 26 Jan 2018,4,925.0,759,13.6,0.6,41,4.34,265,6,293.2,306.1,294.0
00Z 26 Jan 2018,5,908.0,914,12.8,-1.3,38,3.84,325,11,293.9,305.4,294.6
00Z 26 Jan 2018,6,850.0,1466,9.8,-8.2,27,2.43,280,19,296.4,304.0,296.8
00Z 26 Jan 2018,7,783.3,2134,7.1,-16.8,16,1.32,270,5,300.5,304.8,300.8
00Z 26 Jan 2018,8,700.0,3054,3.4,-28.6,7,0.52,285,30,306.2,308.1,306.3
00Z 26 Jan 2018,9,500.0,5700,-10.7,-57.7,1,0.03,260,54,319.9,320.1,319.9
00Z 26 Jan 2018,10,400.0,7380,-21.3,-64.3,1,0.02,265,85,327.2,327.3,327.2
00Z 26 Jan 2018,11,300.0,9450,-32.5,-71.5,1,0.01,265,115,339.4,339.5,339.4
00Z 26 Jan 2018,12,274.0,10081,-36.4,-74.4,1,0.01,255,120,342.8,342.8,342.8
00Z 26 Jan 2018,13,250.0,10720,-40.3,-77.3,1,0.00,245,117,346.0,346.0,346.0
00Z 26 Jan 2018,14,200.0,12200,-53.5,-78.5,3,0.00,245,118,347.9,347.9,347.9
00Z 26 Jan 2018,15,150.0,13990,-65.9,-85.9,5,0.00,255,106,356.4,356.4,356.4
00Z 26 Jan 2018,16,100.0,16370,-78.1,-91.1,11,0.00,245,81,376.6,376.6,376.6
00Z 27 Jan 2018,0,1010.0,20,13.0,10.5,85,7.95,310,8,285.3,307.6,286.7
00Z 27 Jan 2018,1,1009.0,28,12.8,10.3,85,7.85,300,12,285.2,307.2,286.6
00Z 27 Jan 2018,2,1000.0,98,11.2,8.4,83,6.96,300,13,284.4,303.9,285.5
00Z 27 Jan 2018,3,925.0,752,14.2,-6.8,23,2.49,285,19,293.8,301.5,294.3
00Z 27 Jan 2018,4,887.0,1102,11.5,-10.0,21,2.03,295,18,294.6,300.9,295.0
00Z 27 Jan 2018,5,850.0,1457,8.8,-13.2,20,1.63,275,16,295.4,300.5,295.6
00Z 27 Jan 2018,6,797.0,1981,6.6,-23.4,10,0.74,260,33,298.5,301.0,298.6
00Z 27 Jan 2018,7,793.0,2022,6.4,-24.1,9,0.69,260,34,298.8,301.1,298.9
00Z 27 Jan 2018,8,700.0,3036,2.2,-43.8,2,0.11,265,36,304.9,305.3,304.9
00Z 27 Jan 2018,9,544.0,5025,-8.7,-54.7,1,0.04,270,44,314.7,314.9,314.7
00Z 27 Jan 2018,10,500.0,5690,-12.3,-58.3,1,0.03,285,60,318.0,318.1,318.0
00Z 27 Jan 2018,11,459.0,6330,-14.8,-60.0,1,0.03,285,86,322.8,322.9,322.8
00Z 27 Jan 2018,12,400.0,7360,-18.7,-62.7,1,0.02,285,101,330.6,330.7,330.6
00Z 27 Jan 2018,13,370.0,7926,-22.8,-62.2,1,0.02,290,110,332.6,332.8,332.6
00Z 27 Jan 2018,14,358.0,8166,-24.5,-61.9,2,0.03,290,112,333.5,333.6,333.5
00Z 27 Jan 2018,15,300.0,9450,-33.7,-60.7,5,0.04,285,118,337.8,337.9,337.8
00Z 27 Jan 2018,16,253.0,10628,-42.1,-77.5,1,0.00,270,112,342.1,342.2,342.2
00Z 27 Jan 2018,17,250.0,10710,-42.7,-78.7,1,0.00,265,114,342.4,342.5,342.4
00Z 27 Jan 2018,18,223.0,11458,-49.0,-76.3,3,0.01,260,121,344.1,344.1,344.1
00Z 27 Jan 2018,19,213.0,11758,-51.6,-75.4,4,0.01,260,128,344.6,344.7,344.6
00Z 27 Jan 2018,20,200.0,12170,-55.1,-74.1,8,0.01,265,126,345.4,345.4,345.4
00Z 27 Jan 2018,21,150.0,13950,-69.3,-80.3,19,0.00,260,128,350.5,350.5,350.5
00Z 27 Jan 2018,22,134.0,14617,-75.1,-82.1,33,0.00,265,125,351.7,351.7,351.7
00Z 27 Jan 2018,23,128.0,14885,-74.8,-84.3,22,0.00,260,124,356.8,356.9,356.8
00Z 27 Jan 2018,24,125.0,15024,-74.7,-85.5,18,0.00,260,124,359.5,359.5,359.5
00Z 27 Jan 2018,25,104.0,16100,-73.5,-94.4,3,0.00,280,75,381.1,381.1,381.1
00Z 27 Jan 2018,26,100.0,16330,-73.3,-96.3,2,0.00,270,66,385.9,385.9,385.9
00Z 30 Jan 2018,0,1012.0,20,11.2,10.1,93,7.72,0,0,283.4,304.8,284.7
00Z 30 Jan 2018,1,1000.0,118,15.2,8.2,63,6.86,295,8,288.4,307.9,289.5
00Z 30 Jan 2018,2,925.0,775,11.4,4.4,62,5.70,300,14,291.0,307.6,292.0
00Z 30 Jan 2018,3,850.0,1477,9.8,-7.2,29,2.63,300,17,296.4,304.6,296.9
00Z 30 Jan 2018,4,700.0,3073,9.2,NA,NA,NA,285,51,312.6,NA,312.6
00Z 30 Jan 2018,5,500.0,5810,-3.1,NA,NA,NA,295,68,329.2,NA,329.2
00Z 30 Jan 2018,6,400.0,7530,-17.9,NA,NA,NA,290,66,331.6,NA,331.6
00Z 30 Jan 2018,7,300.0,9620,-32.3,NA,NA,NA,280,71,339.7,NA,339.7
00Z 30 Jan 2018,8,250.0,10880,-43.7,NA,NA,NA,275,71,341.0,NA,341.0
00Z 30 Jan 2018,9,201.0,12307,-54.9,NA,NA,NA,270,85,345.3,NA,345.3
00Z 30 Jan 2018,10,200.0,12340,-55.1,NA,NA,NA,270,85,345.4,NA,345.4
00Z 30 Jan 2018,11,150.0,14120,-67.3,NA,NA,NA,275,74,354.0,NA,354.0
00Z 30 Jan 2018,12,100.0,16500,-77.7,NA,NA,NA,280,46,377.4,NA,377.4
00Z 31 Jan 2018,0,1009.0,20,13.4,11.8,90,8.68,90,4,285.8,310.1,287.3
00Z 31 Jan 2018,1,1000.0,92,15.2,10.2,72,7.87,75,8,288.4,310.7,289.7
00Z 31 Jan 2018,2,975.2,305,14.6,8.7,67,7.26,95,7,289.8,310.7,291.1
00Z 31 Jan 2018,3,940.8,610,13.8,6.4,61,6.47,105,8,292.0,310.8,293.1
00Z 31 Jan 2018,4,925.0,754,13.4,5.4,58,6.11,180,3,293.0,310.9,294.1
00Z 31 Jan 2018,5,907.4,914,12.0,4.9,62,6.03,115,8,293.2,310.9,294.3
00Z 31 Jan 2018,6,850.0,1459,7.4,3.3,75,5.74,260,6,293.9,310.8,294.9
00Z 31 Jan 2018,7,782.9,2134,9.3,NA,NA,NA,180,6,302.9,NA,302.9
00Z 31 Jan 2018,8,700.0,3053,11.8,NA,NA,NA,290,65,315.5,NA,315.5
00Z 31 Jan 2018,9,500.0,5800,-2.7,NA,NA,NA,300,65,329.7,NA,329.7
00Z 31 Jan 2018,10,400.0,7520,-16.5,NA,NA,NA,280,72,333.5,NA,333.5
00Z 31 Jan 2018,11,300.0,9610,-33.5,NA,NA,NA,280,77,338.0,NA,338.0
00Z 31 Jan 2018,12,250.0,10860,-44.3,NA,NA,NA,275,81,340.1,NA,340.1
00Z 31 Jan 2018,13,236.0,11237,-47.5,NA,NA,NA,275,84,341.0,NA,341.0
00Z 31 Jan 2018,14,200.0,12320,-56.5,NA,NA,NA,270,78,343.1,NA,343.1
00Z 31 Jan 2018,15,150.0,14100,-66.5,NA,NA,NA,280,68,355.3,NA,355.3
00Z 31 Jan 2018,16,100.0,16490,-78.3,NA,NA,NA,270,59,376.2,NA,376.2