Date,Station number,Observation time,Station latitude,Station longitude,Station elevation,Showalter index,Lifted index,LIFT computed using virtual temperature,SWEAT index,K index,Cross totals index,Vertical totals index,Totals totals index,Convective Available Potential Energy,CAPE using virtual temperature,Convective Inhibition,CINS using virtual temperature,Equilibrum Level,Equilibrum Level using virtual temperature,Level of Free Convection,LFCT using virtual temperature,Bulk Richardson Number,Bulk Richardson Number using CAPV,Temp [K] of the Lifted Condensation Level,Pres [hPa] of the Lifted Condensation Level,Mean mixed layer potential temperature,Mean mixed layer mixing ratio,1000 hPa to 500 hPa thickness,Precipitable water [mm] for entire sounding
 00Z 02 Jul 1986, 41883, 860702/0000, 24.85, 89.36, 20.0, 0.00, 36.33, 36.96, 214.01, 37.20, 19.90, 23.30, 43.20, 0.00, 0.00, 0.00, 0.00, 0.00, 0.00, 271.93, 965.89, 274.89, 9.67, 5892.00, 54.56
 00Z 07 Jul 1986, 41883, 860707/0000, 24.85, 89.36, 20.0, -0.37, 11.78, 12.23, 37.90, 20.90, 21.70, 42.60, 221.71, 241.29, 0.00, 0.00, 873.48, 873.94, 948.70, 948.70, 287.10, 948.70, 291.41, 12.90, 15859.00, 52.09
 00Z 08 Jul 1986, 41883, 860708/0000, 24.85, 89.36, 20.0, 0.28, 56.59, 57.38, 243.60, 35.60, 19.90, 21.90, 41.80, 0.00, 0.00, 0.00, 0.00, 0.00, 0.00, 254.59, 958.19, 257.77, 1.18, 5950.00, 44.08
 00Z 09 Jul 1986, 41883, 860709/0000, 24.85, 89.36, 20.0, -0.57, 38.78, 39.63, 35.80, 20.20, 21.50, 41.70, 0.00, 0.00, 0.00, 0.00, 272.15, 970.74, 274.73, 9.98, 5968.00, 54.61
 00Z 13 Jul 1986, 41883, 860713/0000, 24.85, 89.36, 20.0, 1.86, -4.85, -5.40, 240.02, 34.10, 18.40, 21.50, 39.90, 1862.87, 2083.28, -5.48, -2.14, 908.44, 918.91, 145.60, 162.83, 298.06, 953.00, 302.22, 21.42, 15929.00, 68.62
 00Z 14 Jul 1986, 41883, 860714/0000, 24.85, 89.36, 20.0, -79.57, -82.48, -83.82, 3302.43, 115.70, 99.90, 100.10, 200.00, 11601.92, 12054.60, 0.00, 0.00, 947.38, 950.46, 398.46, 414.00, 297.64, 963.02, 300.90, 20.62, 15909.00, 43.37
 00Z 15 Jul 1986, 41883, 860715/0000, 24.85, 89.36, 20.0, 2.29, 0.06, -1.30, 253.21, 35.90, 17.60, 18.40, 36.00, 1130.13, 1480.81, -1.05, -0.29, 923.33, 933.74, 93.36, 122.33, 297.52, 956.65, 301.35, 20.61, 15919.00, 49.76
 00Z 18 Jul 1986, 41883, 860718/0000, 24.85, 89.36, 20.0, 2.07, -3.21, -4.12, 231.99, 33.60, 18.20, 20.30, 38.50, 1606.06, 1852.35, -10.04, -8.02, 196.15, 195.79, 897.87, 903.92, 223.18, 257.41, 297.78, 953.31, 301.91, 21.00, 15899.00, 63.77
 00Z 19 Jul 1986, 41883, 860719/0000, 24.85, 89.36, 20.0, -0.05, -4.71, -5.43, 254.02, 32.70, 19.70, 22.70, 42.40, 1290.30, 1541.29, -9.49, -8.70, 889.56, 897.18, 53.48, 63.88, 298.24, 956.90, 302.05, 21.51, 15879.00, 63.05
 00Z 20 Jul 1986, 41883, 860720/0000, 24.85, 89.36, 20.0, 0.18, -2.00, -2.42, 254.19, 31.90, 19.90, 21.30, 41.20, 561.50, 728.46, -0.27, 0.00, 149.04, 148.88, 935.80, 945.32, 41.55, 53.91, 296.32, 945.32, 301.14, 19.49, 15909.00, 61.18
 00Z 21 Jul 1986, 41883, 860721/0000, 24.85, 89.36, 20.0, -0.32, -3.09, -3.58, 406.59, 36.30, 19.80, 22.90, 42.70, 1326.32, 1514.17, -46.76, -29.63, 822.26, 858.37, 5.25, 5.99, 296.49, 934.42, 302.33, 19.87, 15929.00, 63.64
 00Z 01 Jul 1987, 41883, 870701/0000, 24.85, 89.36, 20.0, -4.33, 48.71, 49.43, 320.41, 42.90, 22.60, 25.30, 47.90, 0.00, 0.00, 0.00, 0.00, 0.00, 0.00, 263.23, 960.05, 266.52, 4.13, 5904.00, 61.71
 00Z 05 Jul 1987, 41883, 870705/0000, 24.85, 89.36, 20.0, 1.45, -2.35, -3.18, 235.78, 33.80, 18.90, 19.90, 38.80, 1093.30, 1330.64, -0.55, -0.07, 929.85, 936.59, 420.28, 511.52, 297.34, 953.28, 301.47, 20.47, 5931.00, 62.72
 00Z 06 Jul 1987, 41883, 870706/0000, 24.85, 89.36, 20.0, 21.50, 301.39, 5889.00, 0.00
 00Z 07 Jul 1987, 41883, 870707/0000, 24.85, 89.36, 20.0, -1.05, 248.98, 37.10, 21.30, 21.90, 43.20, 5890.00, 50.84
 00Z 08 Jul 1987, 41883, 870708/0000, 24.85, 89.36, 20.0, 0.75, -2.64, -3.25, 237.00, 37.80, 19.50, 20.10, 39.60, 1080.52, 1235.85, -0.01, 0.00, 939.69, 949.71, 348.41, 398.49, 297.91, 963.95, 301.09, 20.96, 5912.00, 71.69
 00Z 09 Jul 1987, 41883, 870709/0000, 24.85, 89.36, 20.0, -2.03, -1.70, -2.06, 284.58, 42.70, 20.50, 22.00, 42.50, 1532.24, 1634.85, -78.07, -78.16, 113.93, 112.24, 700.85, 711.35, 6880.96, 7341.76, 298.91, 966.90, 301.82, 22.17, 15929.00, 88.41
 00Z 13 Jul 1987, 41883, 870713/0000, 24.85, 89.36, 20.0, 2.23, 49.62, 50.23, 261.81, 31.30, 17.50, 19.40, 36.90, 0.00, 0.00, 0.00, 0.00, 0.00, 0.00, 264.12, 954.82, 267.83, 4.15, 5938.00, 55.71
 00Z 18 Jul 1987, 41883, 870718/0000, 24.85, 89.36, 20.0, -24.16, -24.29, 73.90, 982.24, 1014.77, 0.00, 0.00, 963.30, 963.30, 281.16, 963.30, 284.07, 12.43, 5040.00, 9.11
 00Z 21 Jul 1987, 41883, 870721/0000, 24.85, 89.36, 20.0, -1.20, -2.72, -3.39, 259.38, 38.40, 20.90, 21.50, 42.40, 955.17, 1120.03, -0.75, -0.20, 206.62, 207.00, 926.59, 935.35, 255.97, 300.15, 297.61, 957.69, 301.34, 20.70, 5914.00, 71.52
 00Z 23 Jul 1987, 41883, 870723/0000, 24.85, 89.36, 20.0, -1.46, -4.41, -5.27, 280.99, 30.50, 21.50, 21.50, 43.00, 1676.53, 1945.13, 0.00, 0.00, 944.18, 950.56, 88.43, 102.60, 298.18, 957.14, 301.95, 21.45, 5901.00, 61.52
 00Z 27 Jul 1987, 41883, 870727/0000, 24.85, 89.36, 20.0, 1.84, 1.56, 1.48, 243.60, 34.00, 18.70, 20.90, 39.60, 1441.91, 1465.09, -407.66, -389.95, 392.23, 391.89, 135.46, 137.64, 294.40, 964.90, 297.47, 16.79, 5774.00, 62.18
 00Z 28 Jul 1987, 41883, 870728/0000, 24.85, 89.36, 20.0, -5.71, -6.98, 24.47, 1815.17, 2268.48, -1.28, -1.14, 188.85, 200.27, 921.73, 922.27, 1325.37, 1656.35, 296.99, 959.04, 300.58, 19.87, 5191.01, 16.23
 00Z 30 Jul 1987, 41883, 870730/0000, 24.85, 89.36, 20.0, -2.26, -3.49, -3.92, 266.18, 39.20, 21.70, 22.50, 44.20, 1483.58, 1625.26, -1.50, -0.84, 910.94, 923.86, 440.30, 482.35, 297.83, 956.93, 301.63, 20.99, 5744.00, 75.78
 00Z 31 Jul 1987, 41883, 870731/0000, 24.85, 89.36, 20.0, 1.80, -3.75, -4.12, 232.59, 35.30, 19.50, 20.10, 39.60, 1358.05, 1496.95, 0.00, 0.00, 198.87, 198.63, 934.13, 935.34, 34.84, 38.41, 296.26, 937.61, 301.79, 19.48, 5726.00, 61.26
 00Z 02 Jul 1988, 41883, 880702/0000, 24.85, 89.36, 20.0, 0.27, -5.16, -5.84, 219.78, 33.60, 20.00, 22.70, 42.70, 1937.43, 2153.09, 0.00, 0.00, 122.75, 120.44, 961.81, 963.78, 4133.77, 4593.90, 298.04, 969.08, 300.76, 21.02, 5760.00, 63.64
 00Z 06 Jul 1988, 41883, 880706/0000, 24.85, 89.36, 20.0, -2.03, -1.33, -1.48, 294.99, 41.40, 21.20, 21.70, 42.90, 1016.19, 1079.93, -18.44, -19.50, 144.59, 143.93, 808.34, 812.01, 80.15, 85.18, 297.74, 968.48, 300.50, 20.60, 5798.00, 79.15
 00Z 07 Jul 1988, 41883, 880707/0000, 24.85, 89.36, 20.0, -2.92, -2.66, -2.97, 294.42, 42.10, 22.10, 22.90, 45.00, 1238.57, 1346.48, -36.91, -32.68, 141.20, 140.57, 814.51, 819.99, 183.85, 199.87, 296.86, 941.42, 302.04, 20.09, 5798.00, 75.74
 00Z 10 Jul 1988, 41883, 880710/0000, 24.85, 89.36, 20.0, -0.13, -1.34, -1.51, 289.62, 39.40, 19.80, 19.80, 39.60, 1293.17, 1348.25, 0.00, 0.00, 125.52, 124.32, 962.01, 961.69, 127.33, 132.76, 298.34, 972.39, 300.77, 21.30, 5808.00, 85.42
 00Z 11 Jul 1988, 41883, 880711/0000, 24.85, 89.36, 20.0, 1.60, -2.51, -2.90, 400.60, 34.40, 18.40, 20.50, 38.90, 1709.45, 1904.81, -7.74, -3.96, 134.96, 133.98, 898.81, 912.75, 116.94, 130.31, 297.39, 947.96, 302.00, 20.65, 5783.00, 67.89
 00Z 12 Jul 1988, 41883, 880712/0000, 24.85, 89.36, 20.0, -1.35, -2.89, -3.30, 245.38, 38.40, 21.50, 22.10, 43.60, 1280.11, 1422.74, -2.30, -1.19, 150.25, 150.23, 906.95, 919.04, 83.04, 92.29, 296.75, 959.40, 300.30, 19.57, 5777.00, 67.93
 00Z 13 Jul 1988, 41883, 880713/0000, 24.85, 89.36, 20.0, 0.40, 58.96, 58.96, 224.98, 36.00, 19.60, 21.30, 40.90, 0.00, 0.00, 0.00, 0.00, 0.00, 0.00, 253.22, 958.33, 256.42, 1.03, 5799.00, 31.85
 00Z 17 Jul 1988, 41883, 880717/0000, 24.85, 89.36, 20.0, -1.52, -4.66, -5.39, 240.60, 38.60, 21.00, 23.10, 44.10, 2313.34, 2529.88, -12.08, -5.33, 120.36, 118.57, 880.08, 902.05, 656.88, 718.36, 297.83, 946.42, 302.59, 21.29, 5809.00, 68.91
 00Z 19 Jul 1988, 41883, 880719/0000, 24.85, 89.36, 20.0, -1.95, -3.24, -3.77, 247.40, 36.40, 22.10, 22.70, 44.80, 537.64, 657.30, -4.90, -3.08, 891.81, 902.67, 112.76, 137.86, 296.51, 957.18, 300.28, 19.34, 5784.00, 62.84
 00Z 21 Jul 1988, 41883, 880721/0000, 24.85, 89.36, 20.0, -1.27, -2.56, -2.83, 266.98, 41.00, 20.80, 21.50, 42.30, 1010.27, 1101.70, -3.87, -2.19, 146.24, 145.64, 890.96, 906.67, 1147.56, 1251.41, 297.77, 957.76, 301.48, 20.88, 5830.00, 82.04
 00Z 22 Jul 1988, 41883, 880722/0000, 24.85, 89.36, 20.0, 0.69, -5.14, -5.68, 227.60, 35.00, 19.30, 22.70, 42.00, 2527.36, 2756.95, -1.59, -0.18, 124.65, 123.57, 921.73, 936.91, 75.21, 82.04, 297.81, 951.74, 302.07, 21.11, 5770.00, 65.43
 00Z 27 Jul 1988, 41883, 880727/0000, 24.85, 89.36, 20.0, 1.11, -1.63, -2.07, 250.42, 34.40, 18.80, 21.50, 40.30, 298.06, 410.90, -0.84, -0.48, 927.02, 931.45, 13.59, 18.73, 296.67, 958.31, 300.33, 19.50, 5086.00, 63.38
 00Z 14 Jul 1997, 41883, 970714/0000, 24.85, 89.36, 20.0, 2.19, -2.09, -2.26, 225.00, 34.50, 19.30, 19.30, 38.60, 617.79, 728.63, 0.00, 0.00, 236.72, 236.67, 960.79, 961.96, 224.97, 265.33, 296.35, 962.64, 299.62, 19.09, 5784.00, 65.68
 00Z 23 Jul 1997, 41883, 970723/0000, 24.85, 89.36, 20.0, -1.66, -4.21, -4.81, 281.01, 38.40, 21.70, 21.70, 43.40, 2105.00, 2294.89, 0.00, 0.00, 146.77, 146.40, 971.60, 971.03, 258.16, 281.45, 298.47, 973.03, 300.84, 21.47, 5822.00, 72.69
 00Z 28 Jul 1997, 41883, 970728/0000, 24.85, 89.36, 20.0, -3.62, -6.58, -7.21, 246.81, 39.50, 22.60, 25.30, 47.90, 2870.96, 3080.31, -3.57, -0.63, 111.52, 111.34, 874.36, 920.98, 457.13, 490.47, 299.09, 964.96, 302.17, 22.48, 5857.00, 74.97
 00Z 02 Jul 2008, 41883, 080702/0000, 24.85, 89.36, 20.0, 6.87, 7.43, 8.34, 265.69, 30.60, 12.80, 12.80, 25.60, 194.02, 244.78, -25.62, -27.47, 233.94, 230.56, 789.09, 805.03, 45.65, 57.59, 296.75, 959.71, 300.29, 19.56, 5790.00, 79.44
 00Z 09 Jul 2008, 41883, 080709/0000, 24.85, 89.36, 20.0, 16.55, 3.17, 2.56, 159.01, -17.50, -8.10, 23.90, 15.80, 0.00, 0.00, 0.00, 0.00, 0.00, 0.00, 287.95, 853.13, 301.33, 13.19, 6603.00, 12.90
 00Z 16 Jul 2008, 41883, 080716/0000, 24.85, 89.36, 20.0, -0.17, -1.50, -1.74, 244.58, 37.00, 20.30, 20.30, 40.60, 181.70, 240.89, -1.32, -1.59, 912.30, 911.81, 51.10, 67.74, 297.58, 975.69, 299.72, 20.25, 5802.00, 74.26
 00Z 06 Jul 2009, 41883, 090706/0000, 24.85, 89.36, 20.0, 0.61, -1.62, -2.15, 246.39, 37.40, 18.70, 21.30, 40.00, 656.11, 800.66, -19.33, -12.14, 150.01, 149.94, 824.61, 859.66, 232.33, 283.51, 297.18, 943.77, 302.16, 20.44, 5825.00, 72.45
 00Z 27 Jul 2009, 41883, 090727/0000, 24.85, 89.36, 20.0, -1.09, -3.40, -4.23, 262.41, 41.10, 20.20, 21.20, 41.40, 2467.51, 2665.93, -4.09, -3.36, 117.09, 115.13, 897.03, 903.82, 65424.20, 70685.30, 299.00, 952.55, 303.23, 22.66, 5821.00, 80.73
 00Z 06 Jul 2010, 41883, 100706/0000, 24.85, 89.36, 20.0, -0.95, -2.36, -2.74, 259.38, 40.10, 20.90, 20.90, 41.80, 947.01, 1039.45, 0.00, 0.00, 172.45, 170.83, 968.88, 969.48, 206.49, 226.65, 297.95, 973.90, 300.24, 20.76, 5799.00, 79.20
 00Z 26 Jul 2010, 41883, 100726/0000, 24.85, 89.36, 20.0, -2.40, -1.66, -1.81, 312.41, 42.10, 21.90, 21.90, 43.80, 477.57, 517.48, -0.73, -0.55, 211.51, 212.16, 930.49, 931.93, 29.37, 31.82, 296.49, 945.75, 301.29, 19.55, 80.59
 00Z 11 Jul 2011, 41883, 110711/0000, 24.85, 89.36, 20.0, -3.29, -5.69, -6.41, 270.79, 43.10, 22.70, 22.70, 45.40, 2851.12, 3056.24, -5.44, -6.21, 114.20, 112.69, 906.73, 906.29, 7555.70, 8099.28, 298.82, 947.64, 303.49, 22.53, 5809.00, 81.01
 00Z 02 Jul 2013, 41883, 130702/0000, 24.85, 89.36, 20.0, -1.29, -3.26, -3.77, 272.79, 41.10, 20.70, 20.70, 41.40, 2198.42, 2335.43, -1.69, -1.89, 127.03, 126.97, 914.94, 914.70, 639.56, 679.42, 298.84, 956.29, 302.72, 22.34, 5817.00, 84.26
 00Z 28 Jul 2013, 41883, 130728/0000, 24.85, 89.36, 20.0, -1.94, -1.27, -1.38, 292.21, 41.30, 21.70, 21.70, 43.40, 124.16, 132.96, -39.44, -45.76, 305.78, 305.79, 583.32, 583.77, 14.56, 15.59, 296.58, 962.26, 299.88, 19.30, 5797.00, 81.21
 00Z 16 Jul 2014, 41883, 140716/0000, 24.85, 89.36, 20.0, -1.28, -2.70, -2.98, 296.42, 39.20, 20.70, 20.90, 41.60, 1256.28, 1383.44, 0.00, 0.00, 127.83, 127.80, 962.24, 963.02, 207.47, 228.47, 298.77, 968.92, 301.51, 21.98, 5816.00, 81.62
 00Z 26 Jul 2014, 41883, 140726/0000, 24.85, 89.36, 20.0, -1.62, -4.90, -5.56, 254.39, 40.90, 20.60, 23.50, 44.10, 2549.61, 2752.35, -9.04, -7.97, 137.16, 135.54, 869.13, 890.02, 367.23, 396.43, 298.98, 959.55, 302.56, 22.45, 5820.00, 78.13
 00Z 06 Jul 2015, 41883, 150706/0000, 24.85, 89.36, 20.0, -3.38, -4.97, -5.48, 272.18, 43.30, 22.70, 22.70, 45.40, 1925.42, 2042.47, -2.07, -2.44, 125.37, 123.48, 909.94, 909.52, 1886.42, 2001.11, 299.02, 963.39, 302.26, 22.42, 5814.00, 86.65
 00Z 08 Jul 2015, 41883, 150708/0000, 24.85, 89.36, 20.0, -3.87, -6.15, -6.79, 275.59, 43.80, 23.10, 23.10, 46.20, 1730.15, 1879.12, -8.97, -8.10, 895.45, 899.23, 199.87, 217.08, 299.47, 957.22, 303.27, 23.20, 5817.00, 87.01
 00Z 12 Jul 2015, 41883, 150712/0000, 24.85, 89.36, 20.0, -1.03, -3.53, -4.14, 269.99, 38.60, 20.30, 21.10, 41.40, 2576.71, 2802.48, 0.00, 0.00, 127.01, 125.37, 956.45, 956.17, 14906.11, 16212.14, 299.49, 970.03, 302.12, 22.92, 5830.00, 76.27
 00Z 14 Jul 2015, 41883, 150714/0000, 24.85, 89.36, 20.0, -3.97, -5.49, -6.32, 281.38, 45.50, 22.30, 24.30, 46.60, 3330.50, 3533.32, -21.33, -17.79, 832.34, 847.77, 2335.68, 2477.91, 299.57, 949.73, 304.05, 23.53, 5847.00, 86.48
 00Z 16 Jul 2015, 41883, 150716/0000, 24.85, 89.36, 20.0, -1.69, -1.12, -1.23, 268.79, 41.50, 21.10, 21.10, 42.20, 211.10, 232.42, -14.27, -16.91, 348.67, 355.72, 790.21, 783.83, 444.15, 489.01, 297.09, 953.77, 301.17, 20.10, 5809.00, 83.81
 00Z 20 Jul 2015, 41883, 150720/0000, 24.85, 89.36, 20.0, -1.17, -2.10, -2.29, 278.61, 40.10, 21.30, 21.30, 42.60, 423.80, 468.57, -0.37, -0.25, 326.27, 325.74, 932.03, 933.39, 4288.70, 4741.76, 296.58, 954.32, 300.58, 19.46, 5789.00, 76.80
 00Z 22 Jul 2015, 41883, 150722/0000, 24.85, 89.36, 20.0, -1.84, -4.23, -4.64, 263.78, 41.10, 21.70, 21.70, 43.40, 1967.10, 2095.71, 0.00, 0.00, 129.13, 127.76, 971.39, 970.71, 569.42, 606.66, 298.76, 973.54, 301.09, 21.84, 5768.00, 80.83
 00Z 24 Jul 2015, 41883, 150724/0000, 24.85, 89.36, 20.0, -0.84, -3.36, -3.78, 267.78, 40.10, 20.70, 20.70, 41.40, 2115.60, 2245.18, 0.00, 0.00, 130.45, 129.11, 973.44, 972.89, 246.90, 262.02, 298.90, 975.32, 301.07, 21.99, 5769.00, 81.17
 00Z 26 Jul 2015, 41883, 150726/0000, 24.85, 89.36, 20.0, -2.83, -1.72, -2.63, 334.61, 40.70, 22.50, 22.50, 45.00, 513.70, 686.50, -63.15, -66.81, 244.65, 242.36, 758.36, 764.72, 9.60, 12.83, 295.65, 939.18, 301.03, 18.67, 5794.00, 64.17
 00Z 28 Jul 2015, 41883, 150728/0000, 24.85, 89.36, 20.0, -2.57, -3.60, -3.92, 282.82, 42.20, 22.20, 23.30, 45.50, 1090.78, 1183.48, -44.48, -39.35, 179.94, 179.00, 843.65, 853.04, 50.52, 54.82, 296.12, 929.41, 302.42, 19.45, 5798.00, 74.86
 00Z 30 Jul 2015, 41883, 150730/0000, 24.85, 89.36, 20.0, -1.26, -3.96, -4.76, 281.60, 40.50, 20.00, 23.90, 43.90, 2028.96, 2223.33, -61.87, -50.24, 145.96, 145.51, 806.71, 833.94, 59.83, 65.56, 297.70, 937.13, 303.32, 21.27, 5811.00, 72.50
 12Z 01 Jul 2016, 41883, 160701/1200, 24.85, 89.36, 20.0, 0.61, -2.54, -3.30, 241.38, 34.50, 18.70, 21.30, 40.00, 934.83, 1150.19, -1.98, 0.00, 146.28, 146.10, 881.41, 914.85, 2370.84, 2917.01, 296.75, 914.85, 304.41, 20.58, 5868.00, 67.98
 00Z 02 Jul 2016, 41883, 160702/0000, 24.85, 89.36, 20.0, 1.39, -2.31, -2.81, 242.79, 33.50, 18.70, 20.30, 39.00, 762.58, 932.86, -0.01, 0.00, 148.62, 148.54, 940.59, 946.31, 2900.00, 3547.54, 297.23, 946.95, 301.92, 20.49, 5838.00, 68.39
 12Z 02 Jul 2016, 41883, 160702/1200, 24.85, 89.36, 20.0, -0.43, -3.31, -3.65, 289.62, 40.30, 19.90, 21.50, 41.40, 764.49, 869.65, -5.43, -0.65, 895.90, 926.65, 123.90, 140.94, 297.41, 929.88, 303.68, 21.16, 5852.00, 79.35
 00Z 03 Jul 2016, 41883, 160703/0000, 24.85, 89.36, 20.0, -0.15, -2.55, -2.93, 282.40, 39.20, 20.10, 20.10, 40.20, 1379.79, 1489.68, 0.00, 0.00, 134.60, 132.86, 960.16, 961.70, 329.09, 355.30, 298.31, 966.00, 301.31, 21.43, 5839.00, 79.96
 12Z 03 Jul 2016, 41883, 160703/1200, 24.85, 89.36, 20.0, 1.53, -1.15, -1.52, 283.21, 33.40, 18.20, 19.90, 38.10, 305.15, 435.87, -0.06, 0.00, 223.47, 227.72, 930.76, 932.61, 36.95, 52.77, 296.73, 932.61, 302.73, 20.17, 5855.00, 71.98
 12Z 04 Jul 2016, 41883, 160704/1200, 24.85, 89.36, 20.0, 1.17, -1.91, -2.22, 235.00, 35.00, 18.40, 21.10, 39.50, 380.59, 500.46, -1.67, -0.03, 206.36, 207.42, 899.09, 937.58, 406.71, 534.80, 297.47, 953.81, 301.55, 20.68, 5841.00, 73.28
 00Z 05 Jul 2016, 41883, 160705/0000, 24.85, 89.36, 20.0, 0.11, -2.33, -2.66, 241.40, 36.70, 19.70, 21.10, 40.80, 626.58, 749.36, -0.15, 0.00, 168.10, 162.14, 934.18, 944.41, 888.06, 1062.08, 297.50, 957.98, 301.20, 20.58, 5842.00, 73.24
 12Z 05 Jul 2016, 41883, 160705/1200, 24.85, 89.36, 20.0, 0.95, -1.94, -2.23, 240.60, 35.70, 18.70, 20.90, 39.60, 444.16, 559.79, -1.20, -0.04, 188.94, 186.87, 911.75, 936.10, 1304.43, 1644.03, 297.42, 951.89, 301.68, 20.64, 5842.00, 73.70
 12Z 06 Jul 2016, 41883, 160706/1200, 24.85, 89.36, 20.0, 2.48, -1.69, -2.20, 222.20, 34.10, 16.90, 20.90, 37.80, 640.69, 822.61, 0.00, 0.00, 168.28, 166.16, 923.90, 923.90, 11378.09, 14608.76, 296.64, 923.90, 303.45, 20.30, 5857.00, 68.67
 00Z 07 Jul 2016, 41883, 160707/0000, 24.85, 89.36, 20.0, 0.00, 0.00, 0.00
 12Z 07 Jul 2016, 41883, 160707/1200, 24.85, 89.36, 20.0, 0.30, -2.74, -3.38, 276.82, 33.80, 19.00, 20.90, 39.90, 1400.74, 1645.25, -0.45, 0.00, 134.57, 133.02, 889.73, 902.16, 220.45, 258.94, 296.68, 902.16, 305.56, 20.76, 5869.00, 68.64
 00Z 08 Jul 2016, 41883, 160708/0000, 24.85, 89.36, 20.0, 2.05, -1.02, -1.63, 242.19, 33.70, 17.60, 20.50, 38.10, 342.36, 489.37, -14.44, -2.52, 212.81, 213.59, 855.62, 910.68, 40.57, 58.00, 296.72, 941.81, 301.88, 20.10, 5850.00, 66.86
 12Z 08 Jul 2016, 41883, 160708/1200, 24.85, 89.36, 20.0, 1.28, -2.58, -3.16, 260.19, 34.50, 17.60, 22.30, 39.90, 999.01, 1177.75, -29.78, -7.28, 147.15, 146.82, 791.68, 855.38, 150.94, 177.94, 295.91, 891.81, 305.77, 20.06, 5873.00, 68.07
 00Z 09 Jul 2016, 41883, 160709/0000, 24.85, 89.36, 20.0, 1.32, -2.68, -3.01, 242.21, 33.80, 18.40, 22.10, 40.50, 544.81, 675.03, -5.30, -0.66, 197.94, 197.49, 875.29, 929.73, 164.93, 204.35, 296.67, 943.05, 301.72, 19.92, 5838.00, 68.04
 12Z 09 Jul 2016, 41883, 160709/1200, 24.85, 89.36, 20.0, -0.02, -2.60, -3.20, 279.81, 39.00, 19.40, 21.10, 40.50, 1313.84, 1496.01, -0.52, 0.00, 138.87, 137.85, 885.60, 899.72, 259.30, 295.26, 296.22, 899.72, 305.32, 20.30, 5859.00, 72.36
 00Z 10 Jul 2016, 41883, 160710/0000, 24.85, 89.36, 20.0, 2.23, -1.68, -2.15, 221.80, 32.60, 17.50, 20.90, 38.40, 531.61, 687.92, -5.30, -0.38, 174.45, 172.15, 882.19, 931.47, 302.23, 391.10, 296.95, 947.29, 301.60, 20.15, 5852.00, 66.18
 12Z 10 Jul 2016, 41883, 160710/1200, 24.85, 89.36, 20.0, 2.20, -1.49, -2.35, 258.19, 31.80, 17.20, 20.20, 37.40, 885.35, 1110.87, -2.18, 0.00, 143.78, 143.17, 876.49, 903.23, 176.61, 221.59, 296.21, 903.23, 304.97, 20.15, 5868.00, 64.60
 12Z 11 Jul 2016, 41883, 160711/1200, 24.85, 89.36, 20.0, 1.72, -2.43, -3.30, 253.01, 34.48, 17.38, 22.38, 39.77, 290.20, 155.43, -31.28, -9.35, 292.42, 562.15, 796.80, 856.68, 22.87, 12.25, 295.48, 895.42, 304.98, 19.45, 4634.55, 72.08
 00Z 12 Jul 2016, 41883, 160712/0000, 24.85, 89.36, 20.0, -1.08, -2.97, -3.57, 276.42, 37.80, 20.80, 21.90, 42.70, 1139.34, 1316.46, -0.03, 0.00, 172.52, 171.53, 940.28, 949.61, 453.40, 523.89, 297.48, 956.58, 301.31, 20.62, 5828.00, 67.41
 12Z 12 Jul 2016, 41883, 160712/1200, 24.85, 89.36, 20.0, 1.89, -1.56, -1.96, 252.02, 36.20, 17.50, 21.10, 38.60, 590.50, 751.06, -35.49, -19.79, 178.47, 177.53, 837.87, 869.27, 282.01, 358.69, 297.10, 942.59, 302.20, 20.47, 5858.00, 69.08
 00Z 13 Jul 2016, 41883, 160713/0000, 24.85, 89.36, 20.0, 3.40, -0.53, -1.26, 230.60, 31.40, 16.60, 19.00, 35.60, 738.79, 937.49, -1.92, -0.12, 175.45, 174.60, 917.85, 938.93, 189.16, 240.04, 297.17, 950.60, 301.52, 20.33, 5834.00, 63.94
 12Z 14 Jul 2016, 41883, 160714/1200, 24.85, 89.36, 20.0, 2.11, -2.42, -3.25, 227.38, 32.00, 17.20, 20.80, 38.00, 1318.54, 1564.66, -4.63, 0.00, 131.74, 129.96, 871.53, 896.32, 6712.65, 7965.63, 296.31, 896.32, 305.75, 20.50, 5870.00, 64.97
 00Z 15 Jul 2016, 41883, 160715/0000, 24.85, 89.36, 20.0, 1.50, -2.87, -3.64, 231.19, 32.70, 18.50, 20.10, 38.60, 1353.82, 1563.39, -1.16, -0.01, 141.18, 140.10, 928.16, 941.11, 1700.34, 1963.55, 297.68, 941.96, 302.82, 21.20, 5853.00, 68.30
 12Z 15 Jul 2016, 41883, 160715/1200, 24.85, 89.36, 20.0, 1.73, -3.88, -4.65, 247.81, 34.50, 17.30, 22.30, 39.60, 1875.66, 2141.04, -1.92, 0.00, 130.76, 129.88, 873.56, 897.73, 935.17, 1067.48, 296.75, 897.73, 306.05, 21.10, 5867.00, 65.75
 00Z 16 Jul 2016, 41883, 160716/0000, 24.85, 89.36, 20.0, -0.61, -2.92, -3.33, 265.19, 39.20, 20.40, 20.90, 41.30, 1321.37, 1452.93, -0.21, -0.01, 140.91, 139.89, 936.08, 941.94, 1322.94, 1454.66, 297.90, 954.60, 301.91, 21.14, 5836.00, 77.54
 12Z 16 Jul 2016, 41883, 160716/1200, 24.85, 89.36, 20.0, 0.39, -1.78, -1.99, 259.19, 38.90, 19.50, 20.30, 39.80, 768.69, 861.63, -0.37, 0.00, 167.83, 166.22, 935.94, 945.31, 460.33, 515.99, 297.19, 948.31, 301.75, 20.41, 5837.00, 77.44
 00Z 17 Jul 2016, 41883, 160717/0000, 24.85, 89.36, 20.0, 1.18, -0.82, -0.98, 257.19, 33.60, 19.00, 21.70, 40.70, 44.32, 66.05, -103.05, -60.06, 430.94, 424.97, 605.36, 638.04, 11.01, 16.41, 294.41, 924.89, 301.07, 17.56, 5825.00, 65.61
 12Z 17 Jul 2016, 41883, 160717/1200, 24.85, 89.36, 20.0, 1.09, -2.58, -2.99, 247.79, 37.10, 19.00, 21.10, 40.10, 650.34, 770.91, -0.04, 0.00, 191.52, 190.54, 941.53, 947.72, 129.27, 153.23, 296.91, 947.72, 301.52, 20.14, 5837.00, 72.00
 00Z 19 Jul 2016, 41883, 160719/0000, 24.85, 89.36, 20.0, -0.31, -2.33, -2.56, 254.99, 37.90, 20.30, 21.50, 41.80, 599.71, 679.92, -7.68, -3.06, 218.72, 220.28, 885.92, 909.50, 142.44, 161.49, 296.59, 947.11, 301.27, 19.68, 5830.00, 74.33
 12Z 19 Jul 2016, 41883, 160719/1200, 24.85, 89.36, 20.0, -0.38, -3.56, -4.10, 258.18, 35.20, 20.10, 21.30, 41.40, 1330.87, 1514.43, -0.51, 0.00, 130.74, 127.61, 906.53, 916.97, 576.40, 655.90, 296.84, 916.97, 304.30, 20.68, 5849.00, 72.07
 12Z 20 Jul 2016, 41883, 160720/1200, 24.85, 89.36, 20.0, 0.61, -3.60, -4.28, 231.61, 35.10, 18.70, 21.70, 40.40, 1751.48, 1972.79, 0.00, 0.00, 115.40, 112.32, 920.11, 920.11, 125.16, 140.97, 297.38, 920.11, 304.56, 21.30, 5856.00, 70.81
 00Z 21 Jul 2016, 41883, 160721/0000, 24.85, 89.36, 20.0, -0.21, -3.24, -3.68, 249.80, 38.10, 20.10, 21.10, 41.20, 1539.87, 1684.84, 0.00, 0.00, 128.48, 126.95, 953.47, 957.19, 405.56, 443.74, 297.96, 957.99, 301.67, 21.21, 5830.00, 75.00
 12Z 21 Jul 2016, 41883, 160721/1200, 24.85, 89.36, 20.0, 2.16, -0.87, -1.32, 224.79, 29.60, 17.40, 20.70, 38.10, 238.62, 397.85, -39.24, -21.19, 213.20, 214.88, 761.70, 862.96, 267.98, 446.81, 295.98, 924.34, 302.74, 19.45, 5847.00, 63.33
 00Z 22 Jul 2016, 41883, 160722/0000, 24.85, 89.36, 20.0, 3.66, 0.23, -0.17, 218.82, 32.20, 16.20, 20.70, 36.90, 29.78, 112.83, -58.80, -18.16, 310.91, 307.45, 471.83, 809.06, 10.87, 41.16, 295.19, 936.22, 300.82, 18.20, 5830.00, 62.09
 12Z 22 Jul 2016, 41883, 160722/1200, 24.85, 89.36, 20.0, 2.00, -2.42, -3.02, 239.80, 34.10, 18.00, 20.30, 38.30, 1169.94, 1369.50, 0.00, 0.00, 142.57, 141.11, 916.34, 916.34, 3536.62, 4139.87, 296.32, 916.34, 303.83, 20.03, 5840.00, 66.79
 00Z 23 Jul 2016, 41883, 160723/0000, 24.85, 89.36, 20.0, 1.09, -1.35, -1.61, 245.20, 36.20, 19.00, 21.90, 40.90, 329.27, 406.11, -25.65, -15.44, 307.68, 309.89, 819.73, 855.90, 19.63, 24.21, 295.45, 943.78, 300.41, 18.36, 5815.00, 66.60
 12Z 23 Jul 2016, 41883, 160723/1200, 24.85, 89.36, 20.0, 1.22, -0.84, -1.00, 229.00, 34.40, 18.50, 22.30, 40.80, 56.33, 85.32, -85.29, -49.83, 433.46, 435.06, 646.63, 700.95, 11.24, 17.02, 295.62, 950.11, 300.00, 18.42, 5822.00, 68.21
 00Z 24 Jul 2016, 41883, 160724/0000, 24.85, 89.36, 20.0, 1.47, -1.28, -1.46, 232.19, 35.50, 18.70, 21.90, 40.60, 249.42, 318.00, -25.24, -13.37, 301.21, 296.78, 813.56, 861.61, 96.63, 123.20, 295.51, 950.13, 299.90, 18.32, 5804.00, 66.48
 00Z 25 Jul 2016, 41883, 160725/0000, 24.85, 89.36, 20.0, 1.92, -1.76, -2.08, 239.79, 34.80, 18.80, 19.50, 38.30, 737.85, 850.23, -0.07, 0.00, 149.36, 149.20, 942.95, 947.76, 116.58, 134.33, 297.10, 964.38, 300.22, 19.90, 5810.00, 71.46
 12Z 25 Jul 2016, 41883, 160725/1200, 24.85, 89.36, 20.0, -0.77, 0.72, 0.72, 251.59, 39.30, 20.90, 20.90, 41.80, 0.00, 0.00, 0.00, 0.00, 0.00, 0.00, 294.80, 948.10, 299.34, 17.54, 5820.00, 75.09
 00Z 26 Jul 2016, 41883, 160726/0000, 24.85, 89.36, 20.0, 1.65, 0.23, 0.12, 232.40, 33.40, 18.90, 20.70, 39.60, 0.00, 0.00, 0.00, 0.00, 0.00, 0.00, 294.73, 948.03, 299.29, 17.48, 5805.00, 65.71
 12Z 26 Jul 2016, 41883, 160726/1200, 24.85, 89.36, 20.0, 2.85, 1.14, 1.03, 242.19, 32.20, 17.50, 20.30, 37.80, 0.00, 0.00, 0.00, 0.00, 0.00, 0.00, 293.23, 910.55, 301.22, 16.58, 5826.00, 63.68
 00Z 27 Jul 2016, 41883, 160727/0000, 24.85, 89.36, 20.0, 0.00, 0.00, 0.00, 0.00
 12Z 27 Jul 2016, 41883, 160727/1200, 24.85, 89.36, 20.0, 1.11, -1.00, -1.64, 219.80, 34.30, 18.80, 21.30, 40.10, 318.59, 483.23, -28.62, -16.73, 198.51, 198.05, 805.86, 853.08, 133.67, 202.76, 294.42, 905.24, 302.94, 17.97, 5828.00, 60.56
 00Z 28 Jul 2016, 41883, 160728/0000, 24.85, 89.36, 20.0, 1.18, -1.34, -1.68, 205.21, 33.90, 18.90, 22.30, 41.20, 364.40, 462.76, -48.43, -30.70, 258.67, 259.09, 769.53, 827.37, 61.13, 77.62, 294.96, 937.62, 300.47, 17.94, 5808.00, 62.02
 12Z 28 Jul 2016, 41883, 160728/1200, 24.85, 89.36, 20.0, 1.11, -4.39, -5.09, 197.61, 32.60, 18.40, 23.30, 41.70, 1791.71, 2039.20, -1.11, 0.00, 144.78, 144.20, 871.56, 889.23, 3660.56, 4166.19, 295.28, 889.23, 305.36, 19.35, 5830.00, 59.46
 00Z 29 Jul 2016, 41883, 160729/0000, 24.85, 89.36, 20.0, 0.13, -2.97, -3.51, 214.01, 36.30, 19.60, 22.90, 42.50, 1138.85, 1295.03, -33.76, -21.25, 168.67, 167.56, 837.54, 865.95, 229.18, 260.61, 296.33, 942.96, 301.38, 19.45, 5819.00, 63.94
 12Z 29 Jul 2016, 41883, 160729/1200, 24.85, 89.36, 20.0, 0.07, -4.17, -4.75, 205.38, 34.90, 19.30, 23.70, 43.00, 1539.14, 1736.96, -4.71, 0.00, 144.74, 144.19, 834.82, 889.14, 3301.74, 3726.09, 295.12, 889.14, 305.21, 19.17, 5830.00, 63.52
 00Z 30 Jul 2016, 41883, 160730/0000, 24.85, 89.36, 20.0, 1.77, -0.97, -1.29, 190.98, 33.40, 18.10, 22.50, 40.60, 254.15, 345.29, -91.27, -65.44, 273.29, 274.25, 750.58, 798.06, 236.18, 320.88, 294.22, 920.87, 301.25, 17.43, 5810.00, 59.89
 12Z 30 Jul 2016, 41883, 160730/1200, 24.85, 89.36, 20.0, 1.29, -3.38, -4.10, 210.98, 32.90, 17.90, 22.90, 40.80, 1765.52, 1986.12, -25.93, -4.19, 141.31, 140.64, 827.06, 877.21, 1542.00, 1734.67, 295.98, 904.42, 304.62, 19.98, 5843.00, 61.32
 00Z 31 Jul 2016, 41883, 160731/0000, 24.85, 89.36, 20.0, 0.77, -0.79, -1.13, 225.40, 33.80, 19.50, 21.90, 41.40, 42.33, 83.57, -99.53, -60.54, 448.37, 440.31, 623.25, 656.77, 8.04, 15.87, 294.32, 929.80, 300.54, 17.37, 5815.00, 60.77
 12Z 31 Jul 2016, 41883, 160731/1200, 24.85, 89.36, 20.0, 2.66, -3.20, -4.00, 214.60, 32.90, 16.10, 23.10, 39.20, 1900.92, 2126.58, -35.20, -7.17, 143.41, 142.69, 812.93, 867.69, 233.41, 261.12, 296.32, 905.98, 304.82, 20.26, 5836.00, 61.35
 00Z 01 Jul 2017, 41883, 170701/0000, 24.85, 89.36, 20.0, -2.22, -4.59, -5.15, 265.21, 41.50, 21.90, 22.10, 44.00, 2167.78, 2313.64, -2.37, -0.57, 125.37, 123.84, 913.62, 928.43, 3355.62, 3581.41, 298.21, 951.02, 302.56, 21.67, 5841.00, 79.07
 00Z 03 Jul 2017, 41883, 170703/0000, 24.85, 89.36, 20.0, 0.60, -1.96, -2.42, 237.40, 36.20, 19.20, 20.10, 39.30, 1125.99, 1265.20, 0.00, 0.00, 129.33, 126.26, 944.03, 949.46, 772.68, 868.22, 297.82, 955.32, 301.76, 21.05, 5847.00, 75.08
 00Z 11 Jul 2017, 41883, 170711/0000, 24.85, 89.36, 20.0, -1.05, -3.94, -4.35, 247.61, 37.30, 21.30, 22.10, 43.40, 1326.79, 1453.03, -3.66, -1.15, 137.37, 136.28, 911.75, 928.45, 2990.52, 3275.05, 296.91, 948.56, 301.46, 20.05, 5820.00, 71.08
 00Z 13 Jul 2017, 41883, 170713/0000, 24.85, 89.36, 20.0, 0.24, -2.30, -2.64, 240.01, 36.90, 19.50, 22.30, 41.80, 956.73, 1079.44, -13.49, -4.05, 173.11, 171.49, 831.70, 885.40, 1757.30, 1982.68, 296.80, 957.16, 300.57, 19.71, 5821.00, 68.56
 00Z 14 Jul 2017, 41883, 170714/0000, 24.85, 89.36, 20.0, -0.20, -2.23, -2.55, 235.61, 36.90, 20.20, 22.10, 42.30, 648.26, 774.72, -11.32, -5.47, 184.01, 183.14, 855.50, 887.51, 13081.49, 15633.35, 296.43, 955.09, 300.38, 19.30, 5825.00, 67.39
 00Z 18 Jul 2017, 41883, 170718/0000, 24.85, 89.36, 20.0, -1.46, 270.80, 34.50, 20.10, 25.10, 45.20, 5350.00, 62.19
 00Z 20 Jul 2017, 41883, 170720/0000, 24.85, 89.36, 20.0, -1.55, -2.87, -3.14, 271.41, 40.20, 21.50, 21.50, 43.00, 1037.73, 1113.30, 0.00, 0.00, 144.27, 143.73, 945.92, 948.73, 316.86, 339.93, 297.33, 957.95, 301.03, 20.33, 5821.00, 79.06
 00Z 21 Jul 2017, 41883, 170721/0000, 24.85, 89.36, 20.0, -0.20, -2.26, -2.66, 245.99, 36.70, 20.10, 21.50, 41.60, 772.38, 891.91, -0.03, 0.00, 164.06, 162.50, 940.90, 944.93, 239.61, 276.68, 296.90, 953.20, 301.02, 19.90, 5823.00, 71.38
 00Z 22 Jul 2017, 41883, 170722/0000, 24.85, 89.36, 20.0, 0.54, -1.84, -2.24, 271.41, 34.70, 19.70, 20.10, 39.80, 846.63, 980.96, -0.94, -0.09, 146.15, 145.80, 926.80, 938.70, 87.31, 101.17, 297.02, 953.47, 301.12, 20.08, 5834.00, 70.40
 00Z 25 Jul 2017, 41883, 170725/0000, 24.85, 89.36, 20.0, -0.28, -1.14, -1.24, 282.19, 39.10, 20.50, 20.50, 41.00, 263.97, 297.25, 0.00, 0.00, 278.79, 290.20, 957.50, 958.71, 61.99, 69.81, 296.63, 962.11, 299.95, 19.39, 5814.00, 76.30
 00Z 26 Jul 2017, 41883, 170726/0000, 24.85, 89.36, 20.0, 0.50, -2.12, -2.42, 248.40, 36.60, 19.50, 21.50, 41.00, 847.59, 961.98, 0.00, 0.00, 146.85, 146.60, 943.27, 948.07, 104.70, 118.83, 296.83, 957.52, 300.57, 19.73, 5810.00, 70.11
 00Z 28 Jul 2017, 41883, 170728/0000, 24.85, 89.36, 20.0, 0.10, -2.29, -2.75, 230.20, 37.30, 19.90, 21.50, 41.40, 1138.47, 1271.36, -11.51, -7.56, 146.85, 146.58, 878.58, 893.92, 3647.18, 4072.88, 296.85, 954.98, 300.81, 19.80, 5825.00, 69.36
 00Z 29 Jul 2017, 41883, 170729/0000, 24.85, 89.36, 20.0, -0.86, -3.25, -3.70, 221.37, 37.80, 20.60, 22.70, 43.30, 1209.50, 1345.99, -30.97, -24.68, 143.34, 142.73, 855.69, 869.05, 189.24, 210.59, 296.89, 949.73, 301.34, 19.96, 5833.00, 69.89
 00Z 02 Jul 2018, 41883, 180702/0000, 24.85, 89.36, 20.0, -1.75, -3.34, -3.70, 260.19, 37.40, 21.30, 22.90, 44.20, 818.77, 938.92, -11.01, -7.35, 177.02, 175.98, 841.56, 874.19, 208.38, 238.96, 297.46, 960.30, 300.96, 20.43, 5840.00, 73.23
 00Z 03 Jul 2018, 41883, 180703/0000, 24.85, 89.36, 20.0, -0.12, 274.80, 38.30, 20.10, 20.90, 41.00, 5330.00, 72.76
 00Z 04 Jul 2018, 41883, 180704/0000, 24.85, 89.36, 20.0, -2.33, -2.93, -3.29, 291.80, 39.70, 21.80, 23.30, 45.10, 753.22, 852.30, -66.58, -52.64, 209.57, 209.96, 796.75, 813.66, 69.68, 78.85, 295.81, 925.72, 302.44, 19.24, 5837.00, 70.35
 00Z 06 Jul 2018, 41883, 180706/0000, 24.85, 89.36, 20.0, 2.05, -2.60, -3.38, 218.18, 27.50, 16.90, 21.90, 38.80, 255.93, 440.21, -13.60, -1.95, 826.47, 912.57, 298.26, 952.42, 302.48, 21.70, 5856.00, 55.21
 00Z 07 Jul 2018, 41883, 180707/0000, 24.85, 89.36, 20.0, -0.03, -3.53, -4.43, 250.18, 33.90, 19.50, 21.30, 40.80, 2149.84, 2400.75, -0.47, -0.01, 127.74, 125.61, 931.78, 941.01, 1509.75, 1685.95, 298.52, 953.46, 302.65, 22.02, 5861.00, 68.20
 00Z 10 Jul 2018, 41883, 180710/0000, 24.85, 89.36, 20.0, 0.89, -2.48, -3.08, 239.59, 35.20, 19.10, 20.50, 39.60, 1012.97, 1191.83, -0.01, 0.00, 146.61, 145.76, 942.77, 948.22, 7117.28, 8374.01, 297.60, 954.45, 301.62, 20.78, 5847.00, 69.70
 00Z 11 Jul 2018, 41883, 180711/0000, 24.85, 89.36, 20.0, 0.65, -1.79, -2.18, 239.19, 34.30, 19.00, 20.90, 39.90, 695.05, 834.10, -12.39, -3.55, 157.29, 156.20, 871.02, 906.58, 12566.28, 15080.30, 296.96, 941.72, 302.13, 20.31, 5852.00, 70.73
 00Z 12 Jul 2018, 41883, 180712/0000, 24.85, 89.36, 20.0, 1.22, -2.63, -3.27, 258.59, 35.40, 18.00, 21.70, 39.70, 1587.67, 1787.64, -2.55, -0.35, 130.26, 127.84, 874.82, 933.59, 323.33, 364.05, 297.84, 947.17, 302.51, 21.23, 5852.00, 69.54
 00Z 13 Jul 2018, 41883, 180713/0000, 24.85, 89.36, 20.0, 0.61, -3.26, -3.85, 253.81, 34.50, 18.70, 22.10, 40.80, 1750.57, 1939.62, -10.56, -2.80, 124.51, 122.44, 870.67, 912.69, 498.84, 552.71, 297.65, 941.31, 302.85, 21.14, 5856.00, 69.30
 00Z 14 Jul 2018, 41883, 180714/0000, 24.85, 89.36, 20.0, 0.93, -2.65, -3.15, 236.80, 34.70, 18.10, 23.10, 41.20, 1008.21, 1156.88, -54.15, -22.43, 140.68, 138.95, 771.56, 826.52, 204.96, 235.18, 296.69, 933.29, 302.62, 20.12, 5854.00, 65.86
 00Z 15 Jul 2018, 41883, 180715/0000, 24.85, 89.36, 20.0, 1.79, -2.51, -3.00, 246.82, 36.50, 17.50, 21.90, 39.40, 1368.98, 1513.42, -17.24, -4.64, 129.17, 126.72, 839.06, 898.11, 193.54, 213.96, 297.18, 938.40, 302.66, 20.64, 5857.00, 71.50
 00Z 16 Jul 2018, 41883, 180716/0000, 24.85, 89.36, 20.0, 2.57, -0.12, -0.83, 278.83, 31.20, 17.00, 19.80, 36.80, 375.10, 492.01, -92.84, -0.63, 146.94, 146.17, 524.38, 930.63, 27.49, 36.06, 296.64, 939.58, 302.00, 19.88, 5856.00, 65.21
 00Z 17 Jul 2018, 41883, 180717/0000, 24.85, 89.36, 20.0, -1.57, -2.71, -3.13, 303.82, 39.30, 21.10, 21.90, 43.00, 984.59, 1118.56, -5.09, -1.82, 146.72, 146.13, 879.75, 914.65, 65.22, 74.09, 297.11, 943.59, 302.11, 20.38, 5849.00, 74.04
 00Z 18 Jul 2018, 41883, 180718/0000, 24.85, 89.36, 20.0, 0.08, -2.17, -2.63, 262.21, 36.00, 19.40, 21.70, 41.10, 739.90, 893.11, -13.66, -2.86, 145.25, 144.35, 803.12, 902.88, 96.46, 116.43, 297.07, 945.22, 301.93, 20.35, 5852.00, 69.86
 00Z 19 Jul 2018, 41883, 180719/0000, 24.85, 89.36, 20.0, -0.62, -5.02, -5.82, 255.20, 36.30, 19.60, 23.10, 42.70, 2845.58, 3114.67, -11.44, -4.52, 110.54, 109.22, 879.74, 908.16, 901.83, 987.11, 298.88, 946.70, 303.61, 22.65, 5858.00, 70.57
 00Z 20 Jul 2018, 41883, 180720/0000, 24.85, 89.36, 20.0, 1.31, -5.59, -7.22, 216.18, 33.90, 16.30, 25.30, 41.60, 3989.20, 4408.51, -77.99, -35.09, 797.28, 850.62, 664.66, 734.52, 299.04, 924.51, 305.84, 23.48, 5884.00, 57.41